#
# There is insufficient memory for the Java Runtime Environment to continue.
# Native memory allocation (malloc) failed to allocate 1074848 bytes. Error detail: Chunk::new
# Possible reasons:
#   The system is out of physical RAM or swap space
#   This process is running with CompressedOops enabled, and the Java Heap may be blocking the growth of the native heap
# Possible solutions:
#   Reduce memory load on the system
#   Increase physical memory or swap space
#   Check if swap backing store is full
#   Decrease Java heap size (-Xmx/-Xms)
#   Decrease number of Java threads
#   Decrease Java thread stack sizes (-Xss)
#   Set larger code cache with -XX:ReservedCodeCacheSize=
#   JVM is running with Unscaled Compressed Oops mode in which the Java heap is
#     placed in the first 4GB address space. The Java Heap base address is the
#     maximum limit for the native heap growth. Please use -XX:HeapBaseMinAddress
#     to set the Java Heap base and to place the Java Heap above 4GB virtual address.
# This output file may be truncated or incomplete.
#
#  Out of Memory Error (arena.cpp:168), pid=9572, tid=11612
#
# JRE version: OpenJDK Runtime Environment (21.0.6) (build 21.0.6+-13391695-b895.109)
# Java VM: OpenJDK 64-Bit Server VM (21.0.6+-13391695-b895.109, mixed mode, tiered, compressed oops, compressed class ptrs, g1 gc, windows-amd64)
# No core dump will be written. Minidumps are not enabled by default on client versions of Windows
#

---------------  S U M M A R Y ------------

Command Line: --add-opens=java.base/java.lang=ALL-UNNAMED --add-opens=java.base/java.lang.invoke=ALL-UNNAMED --add-opens=java.base/java.util=ALL-UNNAMED --add-opens=java.prefs/java.util.prefs=ALL-UNNAMED --add-exports=jdk.compiler/com.sun.tools.javac.api=ALL-UNNAMED --add-exports=jdk.compiler/com.sun.tools.javac.util=ALL-UNNAMED --add-opens=java.base/java.util=ALL-UNNAMED --add-opens=java.prefs/java.util.prefs=ALL-UNNAMED --add-opens=java.base/java.nio.charset=ALL-UNNAMED --add-opens=java.base/java.net=ALL-UNNAMED --add-opens=java.base/java.util.concurrent.atomic=ALL-UNNAMED --add-opens=java.xml/javax.xml.namespace=ALL-UNNAMED -XX:MaxMetaspaceSize=256m -XX:-UseParallelGC -Xmx1024m -Dfile.encoding=UTF-8 -Duser.country=CL -Duser.language=es -Duser.variant -javaagent:C:\Users\Ariel\.gradle\wrapper\dists\gradle-8.13-bin\5xuhj0ry160q40clulazy9h7d\gradle-8.13\lib\agents\gradle-instrumentation-agent-8.13.jar org.gradle.launcher.daemon.bootstrap.GradleDaemon 8.13

Host: AMD Ryzen 5 2500U with Radeon Vega Mobile Gfx  , 8 cores, 14G,  Windows 10 , 64 bit Build 19041 (10.0.19041.5915)
Time: Tue Nov 11 19:25:02 2025 Hora verano Sudamérica Pacífico elapsed time: 18.979900 seconds (0d 0h 0m 18s)

---------------  T H R E A D  ---------------

Current thread (0x00000295f8bcd2c0):  JavaThread "C2 CompilerThread0" daemon [_thread_in_native, id=11612, stack(0x000000ae90b00000,0x000000ae90c00000) (1024K)]


Current CompileTask:
C2:18980 10819       4       org.gradle.internal.reflect.ClassInspector::inspectClass (179 bytes)

Stack: [0x000000ae90b00000,0x000000ae90c00000]
Native frames: (J=compiled Java code, j=interpreted, Vv=VM code, C=native code)
V  [jvm.dll+0x6d0639]
V  [jvm.dll+0x85eb03]
V  [jvm.dll+0x86105e]
V  [jvm.dll+0x861743]
V  [jvm.dll+0x27e6e6]
V  [jvm.dll+0xbff6d]
V  [jvm.dll+0xc04a3]
V  [jvm.dll+0x3b61ab]
V  [jvm.dll+0x1de872]
V  [jvm.dll+0x247dd4]
V  [jvm.dll+0x247251]
V  [jvm.dll+0x1c5f04]
V  [jvm.dll+0x2569ac]
V  [jvm.dll+0x254ef6]
V  [jvm.dll+0x3f0e96]
V  [jvm.dll+0x806ed8]
V  [jvm.dll+0x6cef0d]
C  [ucrtbase.dll+0x21bb2]
C  [KERNEL32.DLL+0x17374]
C  [ntdll.dll+0x4cc91]


---------------  P R O C E S S  ---------------

Threads class SMR info:
_java_thread_list=0x00000295810eaf40, length=50, elements={
0x00000295e26a4c90, 0x00000295f8bb80d0, 0x00000295f8bb8b20, 0x00000295f8bc1900,
0x00000295f8bc2350, 0x00000295f8bc2da0, 0x00000295f8bc4530, 0x00000295f8bcd2c0,
0x00000295f8ba2e70, 0x00000295f8d2a9d0, 0x00000295f8edd9f0, 0x00000295fe9e6230,
0x00000295fe9f57b0, 0x00000295fe959ad0, 0x00000295fe8cba00, 0x00000295fe8f2e10,
0x00000295febce590, 0x00000295febb8e90, 0x00000295fe929520, 0x00000295fe92b5f0,
0x00000295fe92af60, 0x00000295fe92bc80, 0x00000295fe92c310, 0x00000295fe929bb0,
0x00000295fe92a240, 0x00000295fe92a8d0, 0x000002958125b1c0, 0x000002958125a4a0,
0x0000029581259e10, 0x0000029581258a60, 0x00000295812590f0, 0x0000029581f37340,
0x0000029581f3ae50, 0x0000029581f39aa0, 0x0000029581f36620, 0x0000029581f38d80,
0x0000029581f3a130, 0x0000029581f3a7c0, 0x0000029581f36cb0, 0x0000029581f3b4e0,
0x0000029581f39410, 0x0000029581f3bb70, 0x0000029581f3c200, 0x0000029582d01700,
0x0000029582d02420, 0x0000029582d06c50, 0x0000029584be8120, 0x0000029584be2540,
0x0000029584be5330, 0x0000029583e96340
}

Java Threads: ( => current thread )
  0x00000295e26a4c90 JavaThread "main"                              [_thread_blocked, id=14768, stack(0x000000ae8fd00000,0x000000ae8fe00000) (1024K)]
  0x00000295f8bb80d0 JavaThread "Reference Handler"          daemon [_thread_blocked, id=15684, stack(0x000000ae90500000,0x000000ae90600000) (1024K)]
  0x00000295f8bb8b20 JavaThread "Finalizer"                  daemon [_thread_blocked, id=9992, stack(0x000000ae90600000,0x000000ae90700000) (1024K)]
  0x00000295f8bc1900 JavaThread "Signal Dispatcher"          daemon [_thread_blocked, id=9140, stack(0x000000ae90700000,0x000000ae90800000) (1024K)]
  0x00000295f8bc2350 JavaThread "Attach Listener"            daemon [_thread_blocked, id=16176, stack(0x000000ae90800000,0x000000ae90900000) (1024K)]
  0x00000295f8bc2da0 JavaThread "Service Thread"             daemon [_thread_blocked, id=8736, stack(0x000000ae90900000,0x000000ae90a00000) (1024K)]
  0x00000295f8bc4530 JavaThread "Monitor Deflation Thread"   daemon [_thread_blocked, id=13700, stack(0x000000ae90a00000,0x000000ae90b00000) (1024K)]
=>0x00000295f8bcd2c0 JavaThread "C2 CompilerThread0"         daemon [_thread_in_native, id=11612, stack(0x000000ae90b00000,0x000000ae90c00000) (1024K)]
  0x00000295f8ba2e70 JavaThread "C1 CompilerThread0"         daemon [_thread_blocked, id=11140, stack(0x000000ae90c00000,0x000000ae90d00000) (1024K)]
  0x00000295f8d2a9d0 JavaThread "Common-Cleaner"             daemon [_thread_blocked, id=11336, stack(0x000000ae90d00000,0x000000ae90e00000) (1024K)]
  0x00000295f8edd9f0 JavaThread "Notification Thread"        daemon [_thread_blocked, id=15284, stack(0x000000ae90e00000,0x000000ae90f00000) (1024K)]
  0x00000295fe9e6230 JavaThread "Daemon health stats"               [_thread_blocked, id=9040, stack(0x000000ae90f00000,0x000000ae91000000) (1024K)]
  0x00000295fe9f57b0 JavaThread "Incoming local TCP Connector on port 56338"        [_thread_in_native, id=15212, stack(0x000000ae91700000,0x000000ae91800000) (1024K)]
  0x00000295fe959ad0 JavaThread "Daemon periodic checks"            [_thread_blocked, id=10464, stack(0x000000ae91800000,0x000000ae91900000) (1024K)]
  0x00000295fe8cba00 JavaThread "Daemon"                            [_thread_blocked, id=11688, stack(0x000000ae91900000,0x000000ae91a00000) (1024K)]
  0x00000295fe8f2e10 JavaThread "Handler for socket connection from /127.0.0.1:56338 to /127.0.0.1:56339"        [_thread_in_native, id=5952, stack(0x000000ae91a00000,0x000000ae91b00000) (1024K)]
  0x00000295febce590 JavaThread "Cancel handler"                    [_thread_blocked, id=3200, stack(0x000000ae91b00000,0x000000ae91c00000) (1024K)]
  0x00000295febb8e90 JavaThread "Daemon worker"                     [_thread_in_vm, id=15516, stack(0x000000ae91c00000,0x000000ae91d00000) (1024K)]
  0x00000295fe929520 JavaThread "Asynchronous log dispatcher for DefaultDaemonConnection: socket connection from /127.0.0.1:56338 to /127.0.0.1:56339"        [_thread_blocked, id=4160, stack(0x000000ae91d00000,0x000000ae91e00000) (1024K)]
  0x00000295fe92b5f0 JavaThread "Stdin handler"                     [_thread_blocked, id=14404, stack(0x000000ae91e00000,0x000000ae91f00000) (1024K)]
  0x00000295fe92af60 JavaThread "Daemon client event forwarder"        [_thread_blocked, id=1316, stack(0x000000ae91f00000,0x000000ae92000000) (1024K)]
  0x00000295fe92bc80 JavaThread "Cache worker for journal cache (C:\Users\Ariel\.gradle\caches\journal-1)"        [_thread_blocked, id=13308, stack(0x000000ae92100000,0x000000ae92200000) (1024K)]
  0x00000295fe92c310 JavaThread "File lock request listener"        [_thread_in_native, id=7108, stack(0x000000ae92200000,0x000000ae92300000) (1024K)]
  0x00000295fe929bb0 JavaThread "Cache worker for file hash cache (C:\Users\Ariel\.gradle\caches\8.13\fileHashes)"        [_thread_blocked, id=10988, stack(0x000000ae92300000,0x000000ae92400000) (1024K)]
  0x00000295fe92a240 JavaThread "Cache worker for file hash cache (C:\Users\Ariel\Documents\Android cosas\Equipos_Sesion_database\.gradle\8.13\fileHashes)"        [_thread_blocked, id=15664, stack(0x000000ae92600000,0x000000ae92700000) (1024K)]
  0x00000295fe92a8d0 JavaThread "Cache worker for Build Output Cleanup Cache (C:\Users\Ariel\Documents\Android cosas\Equipos_Sesion_database\.gradle\buildOutputCleanup)"        [_thread_blocked, id=12676, stack(0x000000ae92700000,0x000000ae92800000) (1024K)]
  0x000002958125b1c0 JavaThread "File watcher server"        daemon [_thread_in_native, id=11072, stack(0x000000ae92800000,0x000000ae92900000) (1024K)]
  0x000002958125a4a0 JavaThread "File watcher consumer"      daemon [_thread_blocked, id=10824, stack(0x000000ae92900000,0x000000ae92a00000) (1024K)]
  0x0000029581259e10 JavaThread "jar transforms"                    [_thread_blocked, id=9812, stack(0x000000ae92a00000,0x000000ae92b00000) (1024K)]
  0x0000029581258a60 JavaThread "jar transforms Thread 2"           [_thread_blocked, id=7952, stack(0x000000ae92b00000,0x000000ae92c00000) (1024K)]
  0x00000295812590f0 JavaThread "Cache worker for checksums cache (C:\Users\Ariel\Documents\Android cosas\Equipos_Sesion_database\.gradle\8.13\checksums)"        [_thread_blocked, id=9084, stack(0x000000ae92c00000,0x000000ae92d00000) (1024K)]
  0x0000029581f37340 JavaThread "Cache worker for file content cache (C:\Users\Ariel\.gradle\caches\8.13\fileContent)"        [_thread_blocked, id=13220, stack(0x000000ae92d00000,0x000000ae92e00000) (1024K)]
  0x0000029581f3ae50 JavaThread "jar transforms Thread 3"           [_thread_blocked, id=16012, stack(0x000000ae92e00000,0x000000ae92f00000) (1024K)]
  0x0000029581f39aa0 JavaThread "Cache worker for cache directory md-supplier (C:\Users\Ariel\.gradle\caches\8.13\md-supplier)"        [_thread_blocked, id=8400, stack(0x000000ae92f00000,0x000000ae93000000) (1024K)]
  0x0000029581f36620 JavaThread "Cache worker for cache directory md-rule (C:\Users\Ariel\.gradle\caches\8.13\md-rule)"        [_thread_blocked, id=4536, stack(0x000000ae93000000,0x000000ae93100000) (1024K)]
  0x0000029581f38d80 JavaThread "Unconstrained build operations"        [_thread_blocked, id=8820, stack(0x000000ae92500000,0x000000ae92600000) (1024K)]
  0x0000029581f3a130 JavaThread "Unconstrained build operations Thread 2"        [_thread_blocked, id=4344, stack(0x000000ae93100000,0x000000ae93200000) (1024K)]
  0x0000029581f3a7c0 JavaThread "jar transforms Thread 4"           [_thread_blocked, id=12148, stack(0x000000ae93200000,0x000000ae93300000) (1024K)]
  0x0000029581f36cb0 JavaThread "jar transforms Thread 5"           [_thread_blocked, id=11244, stack(0x000000ae93300000,0x000000ae93400000) (1024K)]
  0x0000029581f3b4e0 JavaThread "Unconstrained build operations Thread 3"        [_thread_blocked, id=14052, stack(0x000000ae93400000,0x000000ae93500000) (1024K)]
  0x0000029581f39410 JavaThread "jar transforms Thread 6"           [_thread_blocked, id=15100, stack(0x000000ae93500000,0x000000ae93600000) (1024K)]
  0x0000029581f3bb70 JavaThread "jar transforms Thread 7"           [_thread_blocked, id=6732, stack(0x000000ae93600000,0x000000ae93700000) (1024K)]
  0x0000029581f3c200 JavaThread "jar transforms Thread 8"           [_thread_blocked, id=14224, stack(0x000000ae93700000,0x000000ae93800000) (1024K)]
  0x0000029582d01700 JavaThread "Unconstrained build operations Thread 4"        [_thread_blocked, id=15956, stack(0x000000ae93900000,0x000000ae93a00000) (1024K)]
  0x0000029582d02420 JavaThread "Unconstrained build operations Thread 5"        [_thread_blocked, id=12828, stack(0x000000ae93a00000,0x000000ae93b00000) (1024K)]
  0x0000029582d06c50 JavaThread "Unconstrained build operations Thread 6"        [_thread_blocked, id=8572, stack(0x000000ae93b00000,0x000000ae93c00000) (1024K)]
  0x0000029584be8120 JavaThread "build event listener"              [_thread_blocked, id=6372, stack(0x000000ae93800000,0x000000ae93900000) (1024K)]
  0x0000029584be2540 JavaThread "Memory manager"                    [_thread_blocked, id=13132, stack(0x000000ae93c00000,0x000000ae93d00000) (1024K)]
  0x0000029584be5330 JavaThread "build event listener"              [_thread_blocked, id=11608, stack(0x000000ae93e00000,0x000000ae93f00000) (1024K)]
  0x0000029583e96340 JavaThread "C2 CompilerThread1"         daemon [_thread_in_native, id=4548, stack(0x000000ae92400000,0x000000ae92500000) (1024K)]
Total: 50

Other Threads:
  0x00000295f8b444d0 VMThread "VM Thread"                           [id=8720, stack(0x000000ae90400000,0x000000ae90500000) (1024K)]
  0x00000295f897a600 WatcherThread "VM Periodic Task Thread"        [id=11260, stack(0x000000ae90300000,0x000000ae90400000) (1024K)]
  0x00000295e26df7e0 WorkerThread "GC Thread#0"                     [id=12072, stack(0x000000ae8fe00000,0x000000ae8ff00000) (1024K)]
  0x00000295fd486780 WorkerThread "GC Thread#1"                     [id=11644, stack(0x000000ae91100000,0x000000ae91200000) (1024K)]
  0x00000295fd5ac1e0 WorkerThread "GC Thread#2"                     [id=13984, stack(0x000000ae91200000,0x000000ae91300000) (1024K)]
  0x00000295fd3645e0 WorkerThread "GC Thread#3"                     [id=15048, stack(0x000000ae91300000,0x000000ae91400000) (1024K)]
  0x00000295fd414460 WorkerThread "GC Thread#4"                     [id=11304, stack(0x000000ae91400000,0x000000ae91500000) (1024K)]
  0x00000295fe9962a0 WorkerThread "GC Thread#5"                     [id=4568, stack(0x000000ae91000000,0x000000ae91100000) (1024K)]
  0x00000295fe728230 WorkerThread "GC Thread#6"                     [id=14364, stack(0x000000ae91500000,0x000000ae91600000) (1024K)]
  0x00000295fe7285d0 WorkerThread "GC Thread#7"                     [id=12524, stack(0x000000ae91600000,0x000000ae91700000) (1024K)]
  0x00000295e26e6fd0 ConcurrentGCThread "G1 Main Marker"            [id=11932, stack(0x000000ae8ff00000,0x000000ae90000000) (1024K)]
  0x00000295e03ac370 WorkerThread "G1 Conc#0"                       [id=16068, stack(0x000000ae90000000,0x000000ae90100000) (1024K)]
  0x00000295febeed80 WorkerThread "G1 Conc#1"                       [id=13996, stack(0x000000ae92000000,0x000000ae92100000) (1024K)]
  0x00000295e275eb90 ConcurrentGCThread "G1 Refine#0"               [id=10820, stack(0x000000ae90100000,0x000000ae90200000) (1024K)]
  0x00000295f884ffe0 ConcurrentGCThread "G1 Service"                [id=4640, stack(0x000000ae90200000,0x000000ae90300000) (1024K)]
Total: 15

Threads with active compile tasks:
C2 CompilerThread0  19024 10819       4       org.gradle.internal.reflect.ClassInspector::inspectClass (179 bytes)
C2 CompilerThread1  19024 10821       4       org.gradle.internal.instantiation.generator.AbstractClassGenerator::inspectType (602 bytes)
Total: 2

VM state: not at safepoint (normal execution)

VM Mutex/Monitor currently owned by a thread: None

Heap address: 0x00000000c0000000, size: 1024 MB, Compressed Oops mode: 32-bit

CDS archive(s) not mapped
Compressed class space mapped at: 0x0000000100000000-0x000000010d000000, reserved size: 218103808
Narrow klass base: 0x0000000000000000, Narrow klass shift: 3, Narrow klass range: 0x10d000000

GC Precious Log:
 CardTable entry size: 512
 Card Set container configuration: InlinePtr #cards 5 size 8 Array Of Cards #cards 12 size 40 Howl #buckets 4 coarsen threshold 1843 Howl Bitmap #cards 512 size 80 coarsen threshold 460 Card regions per heap region 1 cards per card region 2048
 CPUs: 8 total, 8 available
 Memory: 15294M
 Large Page Support: Disabled
 NUMA Support: Disabled
 Compressed Oops: Enabled (32-bit)
 Heap Region Size: 1M
 Heap Min Capacity: 8M
 Heap Initial Capacity: 240M
 Heap Max Capacity: 1G
 Pre-touch: Disabled
 Parallel Workers: 8
 Concurrent Workers: 2
 Concurrent Refinement Workers: 8
 Periodic GC: Disabled

Heap:
 garbage-first heap   total 165888K, used 103913K [0x00000000c0000000, 0x0000000100000000)
  region size 1024K, 7 young (7168K), 2 survivors (2048K)
 Metaspace       used 99766K, committed 101888K, reserved 344064K
  class space    used 13254K, committed 14272K, reserved 212992K

Heap Regions: E=young(eden), S=young(survivor), O=old, HS=humongous(starts), HC=humongous(continues), CS=collection set, F=free, TAMS=top-at-mark-start, PB=parsable bottom
|   0|0x00000000c0000000, 0x00000000c0100000, 0x00000000c0100000|100%|HS|  |TAMS 0x00000000c0000000| PB 0x00000000c0000000| Complete 
|   1|0x00000000c0100000, 0x00000000c0200000, 0x00000000c0200000|100%|HC|  |TAMS 0x00000000c0100000| PB 0x00000000c0100000| Complete 
|   2|0x00000000c0200000, 0x00000000c0300000, 0x00000000c0300000|100%|HC|  |TAMS 0x00000000c0200000| PB 0x00000000c0200000| Complete 
|   3|0x00000000c0300000, 0x00000000c0400000, 0x00000000c0400000|100%| O|  |TAMS 0x00000000c0300000| PB 0x00000000c0300000| Untracked 
|   4|0x00000000c0400000, 0x00000000c0500000, 0x00000000c0500000|100%| O|  |TAMS 0x00000000c0400000| PB 0x00000000c0400000| Untracked 
|   5|0x00000000c0500000, 0x00000000c0600000, 0x00000000c0600000|100%| O|  |TAMS 0x00000000c0500000| PB 0x00000000c0500000| Untracked 
|   6|0x00000000c0600000, 0x00000000c0700000, 0x00000000c0700000|100%|HS|  |TAMS 0x00000000c0600000| PB 0x00000000c0600000| Complete 
|   7|0x00000000c0700000, 0x00000000c0800000, 0x00000000c0800000|100%| O|  |TAMS 0x00000000c0700000| PB 0x00000000c0700000| Untracked 
|   8|0x00000000c0800000, 0x00000000c0900000, 0x00000000c0900000|100%| O|  |TAMS 0x00000000c0800000| PB 0x00000000c0800000| Untracked 
|   9|0x00000000c0900000, 0x00000000c0a00000, 0x00000000c0a00000|100%| O|  |TAMS 0x00000000c0900000| PB 0x00000000c0900000| Untracked 
|  10|0x00000000c0a00000, 0x00000000c0b00000, 0x00000000c0b00000|100%| O|  |TAMS 0x00000000c0a00000| PB 0x00000000c0a00000| Untracked 
|  11|0x00000000c0b00000, 0x00000000c0c00000, 0x00000000c0c00000|100%| O|  |TAMS 0x00000000c0b00000| PB 0x00000000c0b00000| Untracked 
|  12|0x00000000c0c00000, 0x00000000c0d00000, 0x00000000c0d00000|100%| O|  |TAMS 0x00000000c0c00000| PB 0x00000000c0c00000| Untracked 
|  13|0x00000000c0d00000, 0x00000000c0e00000, 0x00000000c0e00000|100%| O|  |TAMS 0x00000000c0d00000| PB 0x00000000c0d00000| Untracked 
|  14|0x00000000c0e00000, 0x00000000c0f00000, 0x00000000c0f00000|100%| O|  |TAMS 0x00000000c0e00000| PB 0x00000000c0e00000| Untracked 
|  15|0x00000000c0f00000, 0x00000000c1000000, 0x00000000c1000000|100%| O|  |TAMS 0x00000000c0f00000| PB 0x00000000c0f00000| Untracked 
|  16|0x00000000c1000000, 0x00000000c1100000, 0x00000000c1100000|100%| O|  |TAMS 0x00000000c1000000| PB 0x00000000c1000000| Untracked 
|  17|0x00000000c1100000, 0x00000000c1200000, 0x00000000c1200000|100%| O|  |TAMS 0x00000000c1100000| PB 0x00000000c1100000| Untracked 
|  18|0x00000000c1200000, 0x00000000c1300000, 0x00000000c1300000|100%| O|  |TAMS 0x00000000c1200000| PB 0x00000000c1200000| Untracked 
|  19|0x00000000c1300000, 0x00000000c1400000, 0x00000000c1400000|100%| O|  |TAMS 0x00000000c1300000| PB 0x00000000c1300000| Untracked 
|  20|0x00000000c1400000, 0x00000000c1500000, 0x00000000c1500000|100%| O|  |TAMS 0x00000000c1400000| PB 0x00000000c1400000| Untracked 
|  21|0x00000000c1500000, 0x00000000c1600000, 0x00000000c1600000|100%| O|  |TAMS 0x00000000c1500000| PB 0x00000000c1500000| Untracked 
|  22|0x00000000c1600000, 0x00000000c1700000, 0x00000000c1700000|100%| O|  |TAMS 0x00000000c1600000| PB 0x00000000c1600000| Untracked 
|  23|0x00000000c1700000, 0x00000000c1800000, 0x00000000c1800000|100%| O|  |TAMS 0x00000000c1700000| PB 0x00000000c1700000| Untracked 
|  24|0x00000000c1800000, 0x00000000c1900000, 0x00000000c1900000|100%| O|  |TAMS 0x00000000c1800000| PB 0x00000000c1800000| Untracked 
|  25|0x00000000c1900000, 0x00000000c1a00000, 0x00000000c1a00000|100%| O|  |TAMS 0x00000000c1900000| PB 0x00000000c1900000| Untracked 
|  26|0x00000000c1a00000, 0x00000000c1b00000, 0x00000000c1b00000|100%| O|  |TAMS 0x00000000c1a00000| PB 0x00000000c1a00000| Untracked 
|  27|0x00000000c1b00000, 0x00000000c1c00000, 0x00000000c1c00000|100%| O|  |TAMS 0x00000000c1b00000| PB 0x00000000c1b00000| Untracked 
|  28|0x00000000c1c00000, 0x00000000c1d00000, 0x00000000c1d00000|100%| O|  |TAMS 0x00000000c1c00000| PB 0x00000000c1c00000| Untracked 
|  29|0x00000000c1d00000, 0x00000000c1e00000, 0x00000000c1e00000|100%| O|  |TAMS 0x00000000c1d00000| PB 0x00000000c1d00000| Untracked 
|  30|0x00000000c1e00000, 0x00000000c1f00000, 0x00000000c1f00000|100%| O|  |TAMS 0x00000000c1e00000| PB 0x00000000c1e00000| Untracked 
|  31|0x00000000c1f00000, 0x00000000c2000000, 0x00000000c2000000|100%| O|  |TAMS 0x00000000c1f00000| PB 0x00000000c1f00000| Untracked 
|  32|0x00000000c2000000, 0x00000000c2100000, 0x00000000c2100000|100%| O|  |TAMS 0x00000000c2000000| PB 0x00000000c2000000| Untracked 
|  33|0x00000000c2100000, 0x00000000c2200000, 0x00000000c2200000|100%| O|  |TAMS 0x00000000c2100000| PB 0x00000000c2100000| Untracked 
|  34|0x00000000c2200000, 0x00000000c2300000, 0x00000000c2300000|100%| O|  |TAMS 0x00000000c2200000| PB 0x00000000c2200000| Untracked 
|  35|0x00000000c2300000, 0x00000000c2400000, 0x00000000c2400000|100%| O|  |TAMS 0x00000000c2300000| PB 0x00000000c2300000| Untracked 
|  36|0x00000000c2400000, 0x00000000c2500000, 0x00000000c2500000|100%| O|  |TAMS 0x00000000c2400000| PB 0x00000000c2400000| Untracked 
|  37|0x00000000c2500000, 0x00000000c2600000, 0x00000000c2600000|100%| O|  |TAMS 0x00000000c2500000| PB 0x00000000c2500000| Untracked 
|  38|0x00000000c2600000, 0x00000000c2700000, 0x00000000c2700000|100%| O|  |TAMS 0x00000000c2600000| PB 0x00000000c2600000| Untracked 
|  39|0x00000000c2700000, 0x00000000c2800000, 0x00000000c2800000|100%| O|  |TAMS 0x00000000c2700000| PB 0x00000000c2700000| Untracked 
|  40|0x00000000c2800000, 0x00000000c2900000, 0x00000000c2900000|100%| O|  |TAMS 0x00000000c2800000| PB 0x00000000c2800000| Untracked 
|  41|0x00000000c2900000, 0x00000000c2a00000, 0x00000000c2a00000|100%| O|  |TAMS 0x00000000c2900000| PB 0x00000000c2900000| Untracked 
|  42|0x00000000c2a00000, 0x00000000c2b00000, 0x00000000c2b00000|100%| O|  |TAMS 0x00000000c2a00000| PB 0x00000000c2a00000| Untracked 
|  43|0x00000000c2b00000, 0x00000000c2c00000, 0x00000000c2c00000|100%| O|  |TAMS 0x00000000c2b00000| PB 0x00000000c2b00000| Untracked 
|  44|0x00000000c2c00000, 0x00000000c2d00000, 0x00000000c2d00000|100%| O|  |TAMS 0x00000000c2c00000| PB 0x00000000c2c00000| Untracked 
|  45|0x00000000c2d00000, 0x00000000c2e00000, 0x00000000c2e00000|100%| O|  |TAMS 0x00000000c2d00000| PB 0x00000000c2d00000| Untracked 
|  46|0x00000000c2e00000, 0x00000000c2f00000, 0x00000000c2f00000|100%| O|  |TAMS 0x00000000c2e00000| PB 0x00000000c2e00000| Untracked 
|  47|0x00000000c2f00000, 0x00000000c3000000, 0x00000000c3000000|100%| O|  |TAMS 0x00000000c2f00000| PB 0x00000000c2f00000| Untracked 
|  48|0x00000000c3000000, 0x00000000c3100000, 0x00000000c3100000|100%| O|  |TAMS 0x00000000c3000000| PB 0x00000000c3000000| Untracked 
|  49|0x00000000c3100000, 0x00000000c3200000, 0x00000000c3200000|100%| O|  |TAMS 0x00000000c3100000| PB 0x00000000c3100000| Untracked 
|  50|0x00000000c3200000, 0x00000000c3300000, 0x00000000c3300000|100%|HS|  |TAMS 0x00000000c3200000| PB 0x00000000c3200000| Complete 
|  51|0x00000000c3300000, 0x00000000c3400000, 0x00000000c3400000|100%|HS|  |TAMS 0x00000000c3300000| PB 0x00000000c3300000| Complete 
|  52|0x00000000c3400000, 0x00000000c3500000, 0x00000000c3500000|100%|HS|  |TAMS 0x00000000c3400000| PB 0x00000000c3400000| Complete 
|  53|0x00000000c3500000, 0x00000000c3600000, 0x00000000c3600000|100%|HC|  |TAMS 0x00000000c3500000| PB 0x00000000c3500000| Complete 
|  54|0x00000000c3600000, 0x00000000c3700000, 0x00000000c3700000|100%|HS|  |TAMS 0x00000000c3600000| PB 0x00000000c3600000| Complete 
|  55|0x00000000c3700000, 0x00000000c3800000, 0x00000000c3800000|100%|HC|  |TAMS 0x00000000c3700000| PB 0x00000000c3700000| Complete 
|  56|0x00000000c3800000, 0x00000000c3900000, 0x00000000c3900000|100%| O|  |TAMS 0x00000000c3800000| PB 0x00000000c3800000| Untracked 
|  57|0x00000000c3900000, 0x00000000c3a00000, 0x00000000c3a00000|100%| O|  |TAMS 0x00000000c3900000| PB 0x00000000c3900000| Untracked 
|  58|0x00000000c3a00000, 0x00000000c3b00000, 0x00000000c3b00000|100%|HS|  |TAMS 0x00000000c3a00000| PB 0x00000000c3a00000| Complete 
|  59|0x00000000c3b00000, 0x00000000c3c00000, 0x00000000c3c00000|100%| O|  |TAMS 0x00000000c3b00000| PB 0x00000000c3b00000| Untracked 
|  60|0x00000000c3c00000, 0x00000000c3d00000, 0x00000000c3d00000|100%|HS|  |TAMS 0x00000000c3c00000| PB 0x00000000c3c00000| Complete 
|  61|0x00000000c3d00000, 0x00000000c3e00000, 0x00000000c3e00000|100%|HS|  |TAMS 0x00000000c3d00000| PB 0x00000000c3d00000| Complete 
|  62|0x00000000c3e00000, 0x00000000c3f00000, 0x00000000c3f00000|100%|HC|  |TAMS 0x00000000c3e00000| PB 0x00000000c3e00000| Complete 
|  63|0x00000000c3f00000, 0x00000000c4000000, 0x00000000c4000000|100%|HC|  |TAMS 0x00000000c3f00000| PB 0x00000000c3f00000| Complete 
|  64|0x00000000c4000000, 0x00000000c4100000, 0x00000000c4100000|100%| O|  |TAMS 0x00000000c4000000| PB 0x00000000c4000000| Untracked 
|  65|0x00000000c4100000, 0x00000000c4200000, 0x00000000c4200000|100%|HS|  |TAMS 0x00000000c4100000| PB 0x00000000c4100000| Complete 
|  66|0x00000000c4200000, 0x00000000c4300000, 0x00000000c4300000|100%|HS|  |TAMS 0x00000000c4200000| PB 0x00000000c4200000| Complete 
|  67|0x00000000c4300000, 0x00000000c4400000, 0x00000000c4400000|100%| O|  |TAMS 0x00000000c4300000| PB 0x00000000c4300000| Untracked 
|  68|0x00000000c4400000, 0x00000000c4500000, 0x00000000c4500000|100%| O|  |TAMS 0x00000000c4400000| PB 0x00000000c4400000| Untracked 
|  69|0x00000000c4500000, 0x00000000c4600000, 0x00000000c4600000|100%| O|  |TAMS 0x00000000c4500000| PB 0x00000000c4500000| Untracked 
|  70|0x00000000c4600000, 0x00000000c4700000, 0x00000000c4700000|100%| O|  |TAMS 0x00000000c4600000| PB 0x00000000c4600000| Untracked 
|  71|0x00000000c4700000, 0x00000000c4800000, 0x00000000c4800000|100%| O|  |TAMS 0x00000000c4700000| PB 0x00000000c4700000| Untracked 
|  72|0x00000000c4800000, 0x00000000c4900000, 0x00000000c4900000|100%|HS|  |TAMS 0x00000000c4800000| PB 0x00000000c4800000| Complete 
|  73|0x00000000c4900000, 0x00000000c4a00000, 0x00000000c4a00000|100%| O|  |TAMS 0x00000000c4900000| PB 0x00000000c4900000| Untracked 
|  74|0x00000000c4a00000, 0x00000000c4b00000, 0x00000000c4b00000|100%| O|  |TAMS 0x00000000c4a00000| PB 0x00000000c4a00000| Untracked 
|  75|0x00000000c4b00000, 0x00000000c4c00000, 0x00000000c4c00000|100%| O|  |TAMS 0x00000000c4b00000| PB 0x00000000c4b00000| Untracked 
|  76|0x00000000c4c00000, 0x00000000c4d00000, 0x00000000c4d00000|100%| O|  |TAMS 0x00000000c4c00000| PB 0x00000000c4c00000| Untracked 
|  77|0x00000000c4d00000, 0x00000000c4e00000, 0x00000000c4e00000|100%| O|  |TAMS 0x00000000c4d00000| PB 0x00000000c4d00000| Untracked 
|  78|0x00000000c4e00000, 0x00000000c4f00000, 0x00000000c4f00000|100%| O|  |TAMS 0x00000000c4e00000| PB 0x00000000c4e00000| Untracked 
|  79|0x00000000c4f00000, 0x00000000c5000000, 0x00000000c5000000|100%|HS|  |TAMS 0x00000000c4f00000| PB 0x00000000c4f00000| Complete 
|  80|0x00000000c5000000, 0x00000000c5100000, 0x00000000c5100000|100%|HC|  |TAMS 0x00000000c5000000| PB 0x00000000c5000000| Complete 
|  81|0x00000000c5100000, 0x00000000c5200000, 0x00000000c5200000|100%|HC|  |TAMS 0x00000000c5100000| PB 0x00000000c5100000| Complete 
|  82|0x00000000c5200000, 0x00000000c5300000, 0x00000000c5300000|100%| O|  |TAMS 0x00000000c5200000| PB 0x00000000c5200000| Untracked 
|  83|0x00000000c5300000, 0x00000000c5400000, 0x00000000c5400000|100%| O|  |TAMS 0x00000000c5300000| PB 0x00000000c5300000| Untracked 
|  84|0x00000000c5400000, 0x00000000c5500000, 0x00000000c5500000|100%| O|  |TAMS 0x00000000c5400000| PB 0x00000000c5400000| Untracked 
|  85|0x00000000c5500000, 0x00000000c5600000, 0x00000000c5600000|100%| O|  |TAMS 0x00000000c5500000| PB 0x00000000c5500000| Untracked 
|  86|0x00000000c5600000, 0x00000000c5700000, 0x00000000c5700000|100%| O|  |TAMS 0x00000000c5600000| PB 0x00000000c5600000| Untracked 
|  87|0x00000000c5700000, 0x00000000c5800000, 0x00000000c5800000|100%| O|  |TAMS 0x00000000c5700000| PB 0x00000000c5700000| Untracked 
|  88|0x00000000c5800000, 0x00000000c58eaab0, 0x00000000c5900000| 91%| O|  |TAMS 0x00000000c5800000| PB 0x00000000c5800000| Untracked 
|  89|0x00000000c5900000, 0x00000000c5a00000, 0x00000000c5a00000|100%|HS|  |TAMS 0x00000000c5900000| PB 0x00000000c5900000| Complete 
|  90|0x00000000c5a00000, 0x00000000c5a00000, 0x00000000c5b00000|  0%| F|  |TAMS 0x00000000c5a00000| PB 0x00000000c5a00000| Untracked 
|  91|0x00000000c5b00000, 0x00000000c5b00000, 0x00000000c5c00000|  0%| F|  |TAMS 0x00000000c5b00000| PB 0x00000000c5b00000| Untracked 
|  92|0x00000000c5c00000, 0x00000000c5c00000, 0x00000000c5d00000|  0%| F|  |TAMS 0x00000000c5c00000| PB 0x00000000c5c00000| Untracked 
|  93|0x00000000c5d00000, 0x00000000c5d00000, 0x00000000c5e00000|  0%| F|  |TAMS 0x00000000c5d00000| PB 0x00000000c5d00000| Untracked 
|  94|0x00000000c5e00000, 0x00000000c5e00000, 0x00000000c5f00000|  0%| F|  |TAMS 0x00000000c5e00000| PB 0x00000000c5e00000| Untracked 
|  95|0x00000000c5f00000, 0x00000000c5f00000, 0x00000000c6000000|  0%| F|  |TAMS 0x00000000c5f00000| PB 0x00000000c5f00000| Untracked 
|  96|0x00000000c6000000, 0x00000000c6000000, 0x00000000c6100000|  0%| F|  |TAMS 0x00000000c6000000| PB 0x00000000c6000000| Untracked 
|  97|0x00000000c6100000, 0x00000000c6100000, 0x00000000c6200000|  0%| F|  |TAMS 0x00000000c6100000| PB 0x00000000c6100000| Untracked 
|  98|0x00000000c6200000, 0x00000000c6200000, 0x00000000c6300000|  0%| F|  |TAMS 0x00000000c6200000| PB 0x00000000c6200000| Untracked 
|  99|0x00000000c6300000, 0x00000000c6300000, 0x00000000c6400000|  0%| F|  |TAMS 0x00000000c6300000| PB 0x00000000c6300000| Untracked 
| 100|0x00000000c6400000, 0x00000000c6400000, 0x00000000c6500000|  0%| F|  |TAMS 0x00000000c6400000| PB 0x00000000c6400000| Untracked 
| 101|0x00000000c6500000, 0x00000000c6500000, 0x00000000c6600000|  0%| F|  |TAMS 0x00000000c6500000| PB 0x00000000c6500000| Untracked 
| 102|0x00000000c6600000, 0x00000000c6600000, 0x00000000c6700000|  0%| F|  |TAMS 0x00000000c6600000| PB 0x00000000c6600000| Untracked 
| 103|0x00000000c6700000, 0x00000000c6700000, 0x00000000c6800000|  0%| F|  |TAMS 0x00000000c6700000| PB 0x00000000c6700000| Untracked 
| 104|0x00000000c6800000, 0x00000000c6800000, 0x00000000c6900000|  0%| F|  |TAMS 0x00000000c6800000| PB 0x00000000c6800000| Untracked 
| 105|0x00000000c6900000, 0x00000000c6900000, 0x00000000c6a00000|  0%| F|  |TAMS 0x00000000c6900000| PB 0x00000000c6900000| Untracked 
| 106|0x00000000c6a00000, 0x00000000c6a00000, 0x00000000c6b00000|  0%| F|  |TAMS 0x00000000c6a00000| PB 0x00000000c6a00000| Untracked 
| 107|0x00000000c6b00000, 0x00000000c6b00000, 0x00000000c6c00000|  0%| F|  |TAMS 0x00000000c6b00000| PB 0x00000000c6b00000| Untracked 
| 108|0x00000000c6c00000, 0x00000000c6c00000, 0x00000000c6d00000|  0%| F|  |TAMS 0x00000000c6c00000| PB 0x00000000c6c00000| Untracked 
| 109|0x00000000c6d00000, 0x00000000c6d00000, 0x00000000c6e00000|  0%| F|  |TAMS 0x00000000c6d00000| PB 0x00000000c6d00000| Untracked 
| 110|0x00000000c6e00000, 0x00000000c6e00000, 0x00000000c6f00000|  0%| F|  |TAMS 0x00000000c6e00000| PB 0x00000000c6e00000| Untracked 
| 111|0x00000000c6f00000, 0x00000000c6f00000, 0x00000000c7000000|  0%| F|  |TAMS 0x00000000c6f00000| PB 0x00000000c6f00000| Untracked 
| 112|0x00000000c7000000, 0x00000000c7000000, 0x00000000c7100000|  0%| F|  |TAMS 0x00000000c7000000| PB 0x00000000c7000000| Untracked 
| 113|0x00000000c7100000, 0x00000000c7100000, 0x00000000c7200000|  0%| F|  |TAMS 0x00000000c7100000| PB 0x00000000c7100000| Untracked 
| 114|0x00000000c7200000, 0x00000000c7200000, 0x00000000c7300000|  0%| F|  |TAMS 0x00000000c7200000| PB 0x00000000c7200000| Untracked 
| 115|0x00000000c7300000, 0x00000000c7300000, 0x00000000c7400000|  0%| F|  |TAMS 0x00000000c7300000| PB 0x00000000c7300000| Untracked 
| 116|0x00000000c7400000, 0x00000000c7400000, 0x00000000c7500000|  0%| F|  |TAMS 0x00000000c7400000| PB 0x00000000c7400000| Untracked 
| 117|0x00000000c7500000, 0x00000000c7500000, 0x00000000c7600000|  0%| F|  |TAMS 0x00000000c7500000| PB 0x00000000c7500000| Untracked 
| 118|0x00000000c7600000, 0x00000000c7600000, 0x00000000c7700000|  0%| F|  |TAMS 0x00000000c7600000| PB 0x00000000c7600000| Untracked 
| 119|0x00000000c7700000, 0x00000000c7700000, 0x00000000c7800000|  0%| F|  |TAMS 0x00000000c7700000| PB 0x00000000c7700000| Untracked 
| 120|0x00000000c7800000, 0x00000000c788fc78, 0x00000000c7900000| 56%| S|CS|TAMS 0x00000000c7800000| PB 0x00000000c7800000| Complete 
| 121|0x00000000c7900000, 0x00000000c7a00000, 0x00000000c7a00000|100%| S|CS|TAMS 0x00000000c7900000| PB 0x00000000c7900000| Complete 
| 122|0x00000000c7a00000, 0x00000000c7a00000, 0x00000000c7b00000|  0%| F|  |TAMS 0x00000000c7a00000| PB 0x00000000c7a00000| Untracked 
| 123|0x00000000c7b00000, 0x00000000c7b00000, 0x00000000c7c00000|  0%| F|  |TAMS 0x00000000c7b00000| PB 0x00000000c7b00000| Untracked 
| 124|0x00000000c7c00000, 0x00000000c7c00000, 0x00000000c7d00000|  0%| F|  |TAMS 0x00000000c7c00000| PB 0x00000000c7c00000| Untracked 
| 125|0x00000000c7d00000, 0x00000000c7d00000, 0x00000000c7e00000|  0%| F|  |TAMS 0x00000000c7d00000| PB 0x00000000c7d00000| Untracked 
| 126|0x00000000c7e00000, 0x00000000c7e00000, 0x00000000c7f00000|  0%| F|  |TAMS 0x00000000c7e00000| PB 0x00000000c7e00000| Untracked 
| 127|0x00000000c7f00000, 0x00000000c7f00000, 0x00000000c8000000|  0%| F|  |TAMS 0x00000000c7f00000| PB 0x00000000c7f00000| Untracked 
| 128|0x00000000c8000000, 0x00000000c8000000, 0x00000000c8100000|  0%| F|  |TAMS 0x00000000c8000000| PB 0x00000000c8000000| Untracked 
| 129|0x00000000c8100000, 0x00000000c8100000, 0x00000000c8200000|  0%| F|  |TAMS 0x00000000c8100000| PB 0x00000000c8100000| Untracked 
| 130|0x00000000c8200000, 0x00000000c8200000, 0x00000000c8300000|  0%| F|  |TAMS 0x00000000c8200000| PB 0x00000000c8200000| Untracked 
| 131|0x00000000c8300000, 0x00000000c8300000, 0x00000000c8400000|  0%| F|  |TAMS 0x00000000c8300000| PB 0x00000000c8300000| Untracked 
| 132|0x00000000c8400000, 0x00000000c8400000, 0x00000000c8500000|  0%| F|  |TAMS 0x00000000c8400000| PB 0x00000000c8400000| Untracked 
| 133|0x00000000c8500000, 0x00000000c8500000, 0x00000000c8600000|  0%| F|  |TAMS 0x00000000c8500000| PB 0x00000000c8500000| Untracked 
| 134|0x00000000c8600000, 0x00000000c8600000, 0x00000000c8700000|  0%| F|  |TAMS 0x00000000c8600000| PB 0x00000000c8600000| Untracked 
| 135|0x00000000c8700000, 0x00000000c8700000, 0x00000000c8800000|  0%| F|  |TAMS 0x00000000c8700000| PB 0x00000000c8700000| Untracked 
| 136|0x00000000c8800000, 0x00000000c8800000, 0x00000000c8900000|  0%| F|  |TAMS 0x00000000c8800000| PB 0x00000000c8800000| Untracked 
| 137|0x00000000c8900000, 0x00000000c8900000, 0x00000000c8a00000|  0%| F|  |TAMS 0x00000000c8900000| PB 0x00000000c8900000| Untracked 
| 138|0x00000000c8a00000, 0x00000000c8a00000, 0x00000000c8b00000|  0%| F|  |TAMS 0x00000000c8a00000| PB 0x00000000c8a00000| Untracked 
| 139|0x00000000c8b00000, 0x00000000c8b00000, 0x00000000c8c00000|  0%| F|  |TAMS 0x00000000c8b00000| PB 0x00000000c8b00000| Untracked 
| 140|0x00000000c8c00000, 0x00000000c8c00000, 0x00000000c8d00000|  0%| F|  |TAMS 0x00000000c8c00000| PB 0x00000000c8c00000| Untracked 
| 141|0x00000000c8d00000, 0x00000000c8d00000, 0x00000000c8e00000|  0%| F|  |TAMS 0x00000000c8d00000| PB 0x00000000c8d00000| Untracked 
| 142|0x00000000c8e00000, 0x00000000c8e00000, 0x00000000c8f00000|  0%| F|  |TAMS 0x00000000c8e00000| PB 0x00000000c8e00000| Untracked 
| 143|0x00000000c8f00000, 0x00000000c8f00000, 0x00000000c9000000|  0%| F|  |TAMS 0x00000000c8f00000| PB 0x00000000c8f00000| Untracked 
| 209|0x00000000cd100000, 0x00000000cd100000, 0x00000000cd200000|  0%| F|  |TAMS 0x00000000cd100000| PB 0x00000000cd100000| Untracked 
| 210|0x00000000cd200000, 0x00000000cd200000, 0x00000000cd300000|  0%| F|  |TAMS 0x00000000cd200000| PB 0x00000000cd200000| Untracked 
| 211|0x00000000cd300000, 0x00000000cd300000, 0x00000000cd400000|  0%| F|  |TAMS 0x00000000cd300000| PB 0x00000000cd300000| Untracked 
| 212|0x00000000cd400000, 0x00000000cd400000, 0x00000000cd500000|  0%| F|  |TAMS 0x00000000cd400000| PB 0x00000000cd400000| Untracked 
| 213|0x00000000cd500000, 0x00000000cd500000, 0x00000000cd600000|  0%| F|  |TAMS 0x00000000cd500000| PB 0x00000000cd500000| Untracked 
| 214|0x00000000cd600000, 0x00000000cd600000, 0x00000000cd700000|  0%| F|  |TAMS 0x00000000cd600000| PB 0x00000000cd600000| Untracked 
| 215|0x00000000cd700000, 0x00000000cd800000, 0x00000000cd800000|100%| E|  |TAMS 0x00000000cd700000| PB 0x00000000cd700000| Complete 
| 216|0x00000000cd800000, 0x00000000cd900000, 0x00000000cd900000|100%| E|CS|TAMS 0x00000000cd800000| PB 0x00000000cd800000| Complete 
| 217|0x00000000cd900000, 0x00000000cda00000, 0x00000000cda00000|100%| E|  |TAMS 0x00000000cd900000| PB 0x00000000cd900000| Complete 
| 239|0x00000000cef00000, 0x00000000cf000000, 0x00000000cf000000|100%| E|CS|TAMS 0x00000000cef00000| PB 0x00000000cef00000| Complete 
|1016|0x00000000ff800000, 0x00000000ff900000, 0x00000000ff900000|100%| E|CS|TAMS 0x00000000ff800000| PB 0x00000000ff800000| Complete 
|1017|0x00000000ff900000, 0x00000000ffa00000, 0x00000000ffa00000|100%| O|Cm|TAMS 0x00000000ff900000| PB 0x00000000ff900000| Complete 
|1018|0x00000000ffa00000, 0x00000000ffb00000, 0x00000000ffb00000|100%| O|Cm|TAMS 0x00000000ffa00000| PB 0x00000000ffa00000| Complete 
|1019|0x00000000ffb00000, 0x00000000ffc00000, 0x00000000ffc00000|100%| O|Cm|TAMS 0x00000000ffb00000| PB 0x00000000ffb00000| Complete 
|1020|0x00000000ffc00000, 0x00000000ffd00000, 0x00000000ffd00000|100%| O|  |TAMS 0x00000000ffc00000| PB 0x00000000ffc00000| Untracked 
|1021|0x00000000ffd00000, 0x00000000ffe00000, 0x00000000ffe00000|100%| O|  |TAMS 0x00000000ffd00000| PB 0x00000000ffd00000| Untracked 
|1022|0x00000000ffe00000, 0x00000000fff00000, 0x00000000fff00000|100%| O|  |TAMS 0x00000000ffe00000| PB 0x00000000ffe00000| Untracked 
|1023|0x00000000fff00000, 0x0000000100000000, 0x0000000100000000|100%| O|  |TAMS 0x00000000fff00000| PB 0x00000000fff00000| Untracked 

Card table byte_map: [0x00000295f4d20000,0x00000295f4f20000] _byte_map_base: 0x00000295f4720000

Marking Bits: (CMBitMap*) 0x00000295e26dfd80
 Bits: [0x00000295f4f20000, 0x00000295f5f20000)

Polling page: 0x00000295e0530000

Metaspace:

Usage:
  Non-class:     84.52 MB used.
      Class:     12.95 MB used.
       Both:     97.47 MB used.

Virtual space:
  Non-class space:      128.00 MB reserved,      85.56 MB ( 67%) committed,  2 nodes.
      Class space:      208.00 MB reserved,      14.00 MB (  7%) committed,  1 nodes.
             Both:      336.00 MB reserved,      99.56 MB ( 30%) committed. 

Chunk freelists:
   Non-Class:  9.89 MB
       Class:  1.92 MB
        Both:  11.81 MB

MaxMetaspaceSize: 256.00 MB
CompressedClassSpaceSize: 208.00 MB
Initial GC threshold: 21.00 MB
Current GC threshold: 161.81 MB
CDS: off
 - commit_granule_bytes: 65536.
 - commit_granule_words: 8192.
 - virtual_space_node_default_size: 8388608.
 - enlarge_chunks_in_place: 1.
 - use_allocation_guard: 0.


Internal statistics:

num_allocs_failed_limit: 12.
num_arena_births: 3928.
num_arena_deaths: 0.
num_vsnodes_births: 3.
num_vsnodes_deaths: 0.
num_space_committed: 1593.
num_space_uncommitted: 0.
num_chunks_returned_to_freelist: 12.
num_chunks_taken_from_freelist: 8119.
num_chunk_merges: 12.
num_chunk_splits: 5299.
num_chunks_enlarged: 3329.
num_inconsistent_stats: 0.

CodeHeap 'non-profiled nmethods': size=120000Kb used=5434Kb max_used=5584Kb free=114565Kb
 bounds [0x00000295ed2c0000, 0x00000295ed840000, 0x00000295f47f0000]
CodeHeap 'profiled nmethods': size=120000Kb used=16211Kb max_used=16491Kb free=103788Kb
 bounds [0x00000295e57f0000, 0x00000295e6820000, 0x00000295ecd20000]
CodeHeap 'non-nmethods': size=5760Kb used=2838Kb max_used=2864Kb free=2921Kb
 bounds [0x00000295ecd20000, 0x00000295ed000000, 0x00000295ed2c0000]
 total_blobs=10041 nmethods=9079 adapters=866
 compilation: enabled
              stopped_count=0, restarted_count=0
 full_count=0

Compilation events (20 events):
Event: 18.925 Thread 0x00000295f8ba2e70 10839       3       org.gradle.api.internal.model.DefaultObjectFactory::named (10 bytes)
Event: 18.925 Thread 0x00000295f8ba2e70 nmethod 10839 0x00000295e6055f10 code [0x00000295e60560c0, 0x00000295e6056218]
Event: 18.926 Thread 0x00000295f8ba2e70 10840       3       org.gradle.api.internal.artifacts.configurations.DefaultConfiguration::addMutationValidator (12 bytes)
Event: 18.926 Thread 0x0000029583e96340 10821       4       org.gradle.internal.instantiation.generator.AbstractClassGenerator::inspectType (602 bytes)
Event: 18.926 Thread 0x00000295f8ba2e70 nmethod 10840 0x00000295e5813b10 code [0x00000295e5813cc0, 0x00000295e5813e90]
Event: 18.927 Thread 0x00000295f8ba2e70 10841       3       org.gradle.api.internal.DefaultDomainObjectCollection::wrapLazyAction (16 bytes)
Event: 18.927 Thread 0x00000295f8ba2e70 nmethod 10841 0x00000295e5a19090 code [0x00000295e5a19260, 0x00000295e5a194f8]
Event: 18.927 Thread 0x00000295f8ba2e70 10842       3       org.gradle.api.internal.DefaultNamedDomainObjectCollection::hasWithName (32 bytes)
Event: 18.927 Thread 0x00000295f8ba2e70 nmethod 10842 0x00000295e5f58b90 code [0x00000295e5f58d60, 0x00000295e5f59080]
Event: 18.928 Thread 0x00000295f8ba2e70 10844       3       com.google.common.collect.ImmutableMap$Builder::put (35 bytes)
Event: 18.929 Thread 0x00000295f8ba2e70 nmethod 10844 0x00000295e5ecf410 code [0x00000295e5ecf620, 0x00000295e5ecfc78]
Event: 18.929 Thread 0x00000295f8ba2e70 10845       3       com.google.common.collect.ImmutableMap::entryOf (10 bytes)
Event: 18.929 Thread 0x00000295f8ba2e70 nmethod 10845 0x00000295e5819e90 code [0x00000295e581a060, 0x00000295e581a410]
Event: 18.930 Thread 0x00000295f8ba2e70 10846       1       org.gradle.api.internal.artifacts.configurations.DefaultConfiguration::getDomainObjectContext (5 bytes)
Event: 18.931 Thread 0x00000295f8ba2e70 nmethod 10846 0x00000295ed343210 code [0x00000295ed3433a0, 0x00000295ed343470]
Event: 18.931 Thread 0x00000295f8ba2e70 10847       3       java.util.LinkedList::checkElementIndex (22 bytes)
Event: 18.931 Thread 0x00000295f8ba2e70 nmethod 10847 0x00000295e5bb1590 code [0x00000295e5bb1800, 0x00000295e5bb20c0]
Event: 18.931 Thread 0x00000295f8ba2e70 10848       3       java.util.LinkedList::isElementIndex (18 bytes)
Event: 18.932 Thread 0x00000295f8ba2e70 nmethod 10848 0x00000295e5dae490 code [0x00000295e5dae640, 0x00000295e5dae7d0]
Event: 18.974 Thread 0x00000295f8ba2e70 10849       3       java.util.regex.Pattern::escape (1310 bytes)

GC Heap History (20 events):
Event: 14.173 GC heap before
{Heap before GC invocations=32 (full 0):
 garbage-first heap   total 128000K, used 93700K [0x00000000c0000000, 0x0000000100000000)
  region size 1024K, 19 young (19456K), 1 survivors (1024K)
 Metaspace       used 73868K, committed 75712K, reserved 278528K
  class space    used 9949K, committed 10880K, reserved 212992K
}
Event: 14.176 GC heap after
{Heap after GC invocations=33 (full 0):
 garbage-first heap   total 128000K, used 77588K [0x00000000c0000000, 0x0000000100000000)
  region size 1024K, 3 young (3072K), 3 survivors (3072K)
 Metaspace       used 73868K, committed 75712K, reserved 278528K
  class space    used 9949K, committed 10880K, reserved 212992K
}
Event: 14.739 GC heap before
{Heap before GC invocations=33 (full 0):
 garbage-first heap   total 128000K, used 111380K [0x00000000c0000000, 0x0000000100000000)
  region size 1024K, 37 young (37888K), 3 survivors (3072K)
 Metaspace       used 77139K, committed 78976K, reserved 344064K
  class space    used 10307K, committed 11264K, reserved 212992K
}
Event: 14.744 GC heap after
{Heap after GC invocations=34 (full 0):
 garbage-first heap   total 128000K, used 77792K [0x00000000c0000000, 0x0000000100000000)
  region size 1024K, 4 young (4096K), 4 survivors (4096K)
 Metaspace       used 77139K, committed 78976K, reserved 344064K
  class space    used 10307K, committed 11264K, reserved 212992K
}
Event: 15.255 GC heap before
{Heap before GC invocations=34 (full 0):
 garbage-first heap   total 128000K, used 114656K [0x00000000c0000000, 0x0000000100000000)
  region size 1024K, 40 young (40960K), 4 survivors (4096K)
 Metaspace       used 81028K, committed 82880K, reserved 344064K
  class space    used 10708K, committed 11648K, reserved 212992K
}
Event: 15.259 GC heap after
{Heap after GC invocations=35 (full 0):
 garbage-first heap   total 128000K, used 78892K [0x00000000c0000000, 0x0000000100000000)
  region size 1024K, 3 young (3072K), 3 survivors (3072K)
 Metaspace       used 81028K, committed 82880K, reserved 344064K
  class space    used 10708K, committed 11648K, reserved 212992K
}
Event: 15.851 GC heap before
{Heap before GC invocations=36 (full 0):
 garbage-first heap   total 133120K, used 121900K [0x00000000c0000000, 0x0000000100000000)
  region size 1024K, 40 young (40960K), 3 survivors (3072K)
 Metaspace       used 84334K, committed 86272K, reserved 344064K
  class space    used 11213K, committed 12224K, reserved 212992K
}
Event: 15.856 GC heap after
{Heap after GC invocations=37 (full 0):
 garbage-first heap   total 133120K, used 84472K [0x00000000c0000000, 0x0000000100000000)
  region size 1024K, 5 young (5120K), 5 survivors (5120K)
 Metaspace       used 84334K, committed 86272K, reserved 344064K
  class space    used 11213K, committed 12224K, reserved 212992K
}
Event: 16.426 GC heap before
{Heap before GC invocations=37 (full 0):
 garbage-first heap   total 133120K, used 120312K [0x00000000c0000000, 0x0000000100000000)
  region size 1024K, 40 young (40960K), 5 survivors (5120K)
 Metaspace       used 87038K, committed 88960K, reserved 344064K
  class space    used 11559K, committed 12544K, reserved 212992K
}
Event: 16.434 GC heap after
{Heap after GC invocations=38 (full 0):
 garbage-first heap   total 133120K, used 86202K [0x00000000c0000000, 0x0000000100000000)
  region size 1024K, 2 young (2048K), 2 survivors (2048K)
 Metaspace       used 87038K, committed 88960K, reserved 344064K
  class space    used 11559K, committed 12544K, reserved 212992K
}
Event: 16.986 GC heap before
{Heap before GC invocations=38 (full 0):
 garbage-first heap   total 133120K, used 122042K [0x00000000c0000000, 0x0000000100000000)
  region size 1024K, 37 young (37888K), 2 survivors (2048K)
 Metaspace       used 89959K, committed 91904K, reserved 344064K
  class space    used 11939K, committed 12928K, reserved 212992K
}
Event: 16.991 GC heap after
{Heap after GC invocations=39 (full 0):
 garbage-first heap   total 133120K, used 87489K [0x00000000c0000000, 0x0000000100000000)
  region size 1024K, 4 young (4096K), 4 survivors (4096K)
 Metaspace       used 89959K, committed 91904K, reserved 344064K
  class space    used 11939K, committed 12928K, reserved 212992K
}
Event: 17.578 GC heap before
{Heap before GC invocations=40 (full 0):
 garbage-first heap   total 148480K, used 122305K [0x00000000c0000000, 0x0000000100000000)
  region size 1024K, 35 young (35840K), 4 survivors (4096K)
 Metaspace       used 93368K, committed 95360K, reserved 344064K
  class space    used 12375K, committed 13376K, reserved 212992K
}
Event: 17.583 GC heap after
{Heap after GC invocations=41 (full 0):
 garbage-first heap   total 148480K, used 93294K [0x00000000c0000000, 0x0000000100000000)
  region size 1024K, 5 young (5120K), 5 survivors (5120K)
 Metaspace       used 93368K, committed 95360K, reserved 344064K
  class space    used 12375K, committed 13376K, reserved 212992K
}
Event: 18.164 GC heap before
{Heap before GC invocations=41 (full 0):
 garbage-first heap   total 148480K, used 134254K [0x00000000c0000000, 0x0000000100000000)
  region size 1024K, 45 young (46080K), 5 survivors (5120K)
 Metaspace       used 96046K, committed 98048K, reserved 344064K
  class space    used 12764K, committed 13760K, reserved 212992K
}
Event: 18.171 GC heap after
{Heap after GC invocations=42 (full 0):
 garbage-first heap   total 148480K, used 94392K [0x00000000c0000000, 0x0000000100000000)
  region size 1024K, 5 young (5120K), 5 survivors (5120K)
 Metaspace       used 96046K, committed 98048K, reserved 344064K
  class space    used 12764K, committed 13760K, reserved 212992K
}
Event: 18.509 GC heap before
{Heap before GC invocations=42 (full 0):
 garbage-first heap   total 148480K, used 133304K [0x00000000c0000000, 0x0000000100000000)
  region size 1024K, 44 young (45056K), 5 survivors (5120K)
 Metaspace       used 96922K, committed 98944K, reserved 344064K
  class space    used 12862K, committed 13888K, reserved 212992K
}
Event: 18.515 GC heap after
{Heap after GC invocations=43 (full 0):
 garbage-first heap   total 148480K, used 98350K [0x00000000c0000000, 0x0000000100000000)
  region size 1024K, 6 young (6144K), 6 survivors (6144K)
 Metaspace       used 96922K, committed 98944K, reserved 344064K
  class space    used 12862K, committed 13888K, reserved 212992K
}
Event: 18.967 GC heap before
{Heap before GC invocations=44 (full 0):
 garbage-first heap   total 165888K, used 132142K [0x00000000c0000000, 0x0000000100000000)
  region size 1024K, 39 young (39936K), 6 survivors (6144K)
 Metaspace       used 99495K, committed 101632K, reserved 344064K
  class space    used 13224K, committed 14272K, reserved 212992K
}
Event: 18.972 GC heap after
{Heap after GC invocations=45 (full 0):
 garbage-first heap   total 165888K, used 99817K [0x00000000c0000000, 0x0000000100000000)
  region size 1024K, 2 young (2048K), 2 survivors (2048K)
 Metaspace       used 99495K, committed 101632K, reserved 344064K
  class space    used 13224K, committed 14272K, reserved 212992K
}

Dll operation events (3 events):
Event: 0.014 Loaded shared library C:\Program Files\Android\Android Studio\jbr\bin\java.dll
Event: 0.024 Loaded shared library C:\Program Files\Android\Android Studio\jbr\bin\zip.dll
Event: 0.809 Loaded shared library C:\Program Files\Android\Android Studio\jbr\bin\verify.dll

Deoptimization events (20 events):
Event: 18.128 Thread 0x00000295febb8e90 DEOPT PACKING pc=0x00000295e5c4d65e sp=0x000000ae91cf7520
Event: 18.128 Thread 0x00000295febb8e90 DEOPT UNPACKING pc=0x00000295ecd74e42 sp=0x000000ae91cf6a08 mode 0
Event: 18.203 Thread 0x00000295febb8e90 Uncommon trap: trap_request=0xffffff45 fr.pc=0x00000295ed6dea00 relative=0x0000000000002780
Event: 18.203 Thread 0x00000295febb8e90 Uncommon trap: reason=unstable_if action=reinterpret pc=0x00000295ed6dea00 method=com.google.common.collect.MapMakerInternalMap$Segment.getEntry(Ljava/lang/Object;I)Lcom/google/common/collect/MapMakerInternalMap$InternalEntry; @ 40 c2
Event: 18.203 Thread 0x00000295febb8e90 DEOPT PACKING pc=0x00000295ed6dea00 sp=0x000000ae91cf66f0
Event: 18.203 Thread 0x00000295febb8e90 DEOPT UNPACKING pc=0x00000295ecd746a2 sp=0x000000ae91cf6538 mode 2
Event: 18.204 Thread 0x00000295febb8e90 Uncommon trap: trap_request=0xffffff45 fr.pc=0x00000295ed6d7518 relative=0x00000000000028d8
Event: 18.204 Thread 0x00000295febb8e90 Uncommon trap: reason=unstable_if action=reinterpret pc=0x00000295ed6d7518 method=com.google.common.collect.MapMakerInternalMap$Segment.getEntry(Ljava/lang/Object;I)Lcom/google/common/collect/MapMakerInternalMap$InternalEntry; @ 40 c2
Event: 18.204 Thread 0x00000295febb8e90 DEOPT PACKING pc=0x00000295ed6d7518 sp=0x000000ae91cf6640
Event: 18.204 Thread 0x00000295febb8e90 DEOPT UNPACKING pc=0x00000295ecd746a2 sp=0x000000ae91cf6558 mode 2
Event: 18.204 Thread 0x00000295febb8e90 Uncommon trap: trap_request=0xffffff45 fr.pc=0x00000295ed6cdf28 relative=0x0000000000000448
Event: 18.204 Thread 0x00000295febb8e90 Uncommon trap: reason=unstable_if action=reinterpret pc=0x00000295ed6cdf28 method=com.google.common.collect.MapMakerInternalMap$Segment.getEntry(Ljava/lang/Object;I)Lcom/google/common/collect/MapMakerInternalMap$InternalEntry; @ 40 c2
Event: 18.204 Thread 0x00000295febb8e90 DEOPT PACKING pc=0x00000295ed6cdf28 sp=0x000000ae91cf65a0
Event: 18.204 Thread 0x00000295febb8e90 DEOPT UNPACKING pc=0x00000295ecd746a2 sp=0x000000ae91cf6550 mode 2
Event: 18.366 Thread 0x00000295febb8e90 Uncommon trap: trap_request=0xffffff45 fr.pc=0x00000295ed54a94c relative=0x000000000000272c
Event: 18.366 Thread 0x00000295febb8e90 Uncommon trap: reason=unstable_if action=reinterpret pc=0x00000295ed54a94c method=java.lang.String.split(CIZ)[Ljava/lang/String; @ 184 c2
Event: 18.366 Thread 0x00000295febb8e90 DEOPT PACKING pc=0x00000295ed54a94c sp=0x000000ae91cf8390
Event: 18.366 Thread 0x00000295febb8e90 DEOPT UNPACKING pc=0x00000295ecd746a2 sp=0x000000ae91cf82f8 mode 2
Event: 18.762 Thread 0x00000295febb8e90 DEOPT PACKING pc=0x00000295e6202b3e sp=0x000000ae91cf76c0
Event: 18.762 Thread 0x00000295febb8e90 DEOPT UNPACKING pc=0x00000295ecd74e42 sp=0x000000ae91cf6c80 mode 0

Classes loaded (20 events):
Event: 17.179 Loading class jdk/jfr/FlightRecorder
Event: 17.179 Loading class jdk/jfr/FlightRecorder done
Event: 17.179 Loading class javax/management/NotificationListener
Event: 17.180 Loading class javax/management/NotificationListener done
Event: 17.180 Loading class javax/management/NotificationFilter
Event: 17.180 Loading class javax/management/NotificationFilter done
Event: 17.180 Loading class jdk/management/jfr/FlightRecorderMXBeanImpl$MXBeanListener
Event: 17.180 Loading class jdk/jfr/FlightRecorderListener
Event: 17.180 Loading class jdk/jfr/FlightRecorderListener done
Event: 17.180 Loading class jdk/management/jfr/FlightRecorderMXBeanImpl$MXBeanListener done
Event: 17.180 Loading class javax/management/ListenerNotFoundException
Event: 17.180 Loading class javax/management/OperationsException
Event: 17.180 Loading class javax/management/JMException
Event: 17.180 Loading class javax/management/JMException done
Event: 17.180 Loading class javax/management/OperationsException done
Event: 17.180 Loading class javax/management/ListenerNotFoundException done
Event: 17.216 Loading class com/sun/jmx/mbeanserver/StandardMBeanSupport
Event: 17.216 Loading class com/sun/jmx/mbeanserver/StandardMBeanSupport done
Event: 17.216 Loading class com/sun/jmx/mbeanserver/StandardMBeanIntrospector
Event: 17.217 Loading class com/sun/jmx/mbeanserver/StandardMBeanIntrospector done

Classes unloaded (0 events):
No events

Classes redefined (0 events):
No events

Internal exceptions (20 events):
Event: 17.833 Thread 0x00000295febb8e90 Exception <a 'java/lang/NoSuchMethodError'{0x00000000c75b5358}: 'java.lang.Object java.lang.invoke.DirectMethodHandle$Holder.newInvokeSpecial(java.lang.Object, java.lang.Object, java.lang.Object, java.lang.Object, java.lang.Object, java.lang.Object, java.lang.Object, java.lang.Object, java.lang.Object, java.lang.Object, java.lang.Object, java.lang.Object, java.lang.Object, java.lang.Object, java.lang.Object, java.lang.Object, java.lang.Object, java.lang.Object, java.lang.Object, java.lang.Object, java.lang
Event: 17.833 Thread 0x00000295febb8e90 Exception <a 'java/lang/NoSuchMethodError'{0x00000000c75bd1a0}: 'java.lang.Object java.lang.invoke.DirectMethodHandle$Holder.invokeSpecial(java.lang.Object, java.lang.Object, java.lang.Object, java.lang.Object, java.lang.Object, java.lang.Object, java.lang.Object, java.lang.Object, java.lang.Object, java.lang.Object, java.lang.Object, java.lang.Object, java.lang.Object, java.lang.Object, java.lang.Object, java.lang.Object, java.lang.Object, java.lang.Object, java.lang.Object, java.lang.Object, java.lang.Ob
Event: 17.834 Thread 0x00000295febb8e90 Exception <a 'java/lang/NoSuchMethodError'{0x00000000c75c3c88}: 'java.lang.Object java.lang.invoke.DelegatingMethodHandle$Holder.reinvoke_L(java.lang.Object, java.lang.Object, java.lang.Object, java.lang.Object, java.lang.Object, java.lang.Object, java.lang.Object, java.lang.Object, java.lang.Object, java.lang.Object, java.lang.Object, java.lang.Object, java.lang.Object, java.lang.Object, java.lang.Object, java.lang.Object, java.lang.Object, java.lang.Object, java.lang.Object, java.lang.Object, java.lang.O
Event: 17.938 Thread 0x00000295febb8e90 Exception <a 'java/lang/ClassNotFoundException'{0x00000000c7084ae8}: org/jetbrains/kotlin/gradle/targets/js/npm/DefaultNpmDependencyExtensionBeanInfo> (0x00000000c7084ae8) 
thrown [s\src\hotspot\share\classfile\systemDictionary.cpp, line 312]
Event: 17.939 Thread 0x00000295febb8e90 Exception <a 'java/lang/ClassNotFoundException'{0x00000000c7095248}: org/jetbrains/kotlin/gradle/targets/js/npm/DefaultNpmDependencyExtensionCustomizer> (0x00000000c7095248) 
thrown [s\src\hotspot\share\classfile\systemDictionary.cpp, line 312]
Event: 17.946 Thread 0x00000295febb8e90 Exception <a 'java/lang/ClassNotFoundException'{0x00000000c6f34b70}: org/jetbrains/kotlin/gradle/targets/js/npm/NpmDependencyExtensionKt$defaultNpmDependencyDelegate$1BeanInfo> (0x00000000c6f34b70) 
thrown [s\src\hotspot\share\classfile\systemDictionary.cpp, line 312]
Event: 17.946 Thread 0x00000295febb8e90 Exception <a 'java/lang/ClassNotFoundException'{0x00000000c6f45310}: org/jetbrains/kotlin/gradle/targets/js/npm/NpmDependencyExtensionDelegateBeanInfo> (0x00000000c6f45310) 
thrown [s\src\hotspot\share\classfile\systemDictionary.cpp, line 312]
Event: 17.948 Thread 0x00000295febb8e90 Exception <a 'java/lang/ClassNotFoundException'{0x00000000c6f55aa0}: org/jetbrains/kotlin/gradle/targets/js/npm/NpmDependencyExtensionDelegateCustomizer> (0x00000000c6f55aa0) 
thrown [s\src\hotspot\share\classfile\systemDictionary.cpp, line 312]
Event: 17.950 Thread 0x00000295febb8e90 Exception <a 'java/lang/ClassNotFoundException'{0x00000000c6f89660}: org/jetbrains/kotlin/gradle/targets/js/npm/NpmDependencyExtensionKt$defaultNpmDependencyDelegate$1Customizer> (0x00000000c6f89660) 
thrown [s\src\hotspot\share\classfile\systemDictionary.cpp, line 312]
Event: 17.953 Thread 0x00000295febb8e90 Exception <a 'java/lang/ClassNotFoundException'{0x00000000c6fd29b8}: org/jetbrains/kotlin/gradle/targets/js/npm/DefaultDevNpmDependencyExtensionBeanInfo> (0x00000000c6fd29b8) 
thrown [s\src\hotspot\share\classfile\systemDictionary.cpp, line 312]
Event: 17.954 Thread 0x00000295febb8e90 Exception <a 'java/lang/ClassNotFoundException'{0x00000000c6fe3160}: org/jetbrains/kotlin/gradle/targets/js/npm/DefaultDevNpmDependencyExtensionCustomizer> (0x00000000c6fe3160) 
thrown [s\src\hotspot\share\classfile\systemDictionary.cpp, line 312]
Event: 17.958 Thread 0x00000295febb8e90 Exception <a 'java/lang/ClassNotFoundException'{0x00000000c6e35558}: org/jetbrains/kotlin/gradle/targets/js/npm/DefaultPeerNpmDependencyExtensionBeanInfo> (0x00000000c6e35558) 
thrown [s\src\hotspot\share\classfile\systemDictionary.cpp, line 312]
Event: 17.959 Thread 0x00000295febb8e90 Exception <a 'java/lang/ClassNotFoundException'{0x00000000c6e45d68}: org/jetbrains/kotlin/gradle/targets/js/npm/DefaultPeerNpmDependencyExtensionCustomizer> (0x00000000c6e45d68) 
thrown [s\src\hotspot\share\classfile\systemDictionary.cpp, line 312]
Event: 17.964 Thread 0x00000295febb8e90 Exception <a 'java/lang/ClassNotFoundException'{0x00000000c6ea5578}: org/jetbrains/kotlin/gradle/targets/js/npm/DefaultPeerNpmDependencyExtension$delegate$1BeanInfo> (0x00000000c6ea5578) 
thrown [s\src\hotspot\share\classfile\systemDictionary.cpp, line 312]
Event: 17.966 Thread 0x00000295febb8e90 Exception <a 'java/lang/ClassNotFoundException'{0x00000000c6eb6288}: org/jetbrains/kotlin/gradle/targets/js/npm/DefaultPeerNpmDependencyExtension$delegate$1Customizer> (0x00000000c6eb6288) 
thrown [s\src\hotspot\share\classfile\systemDictionary.cpp, line 312]
Event: 17.980 Thread 0x00000295febb8e90 Exception <a 'java/lang/NoSuchMethodError'{0x00000000c6d687e0}: static Lorg/jetbrains/kotlin/gradle/plugin/internal/DefaultIdeaSyncDetector$createIdeaPropertiesEvaluator$1;.<clinit>()V> (0x00000000c6d687e0) 
thrown [s\src\hotspot\share\prims\jni.cpp, line 1139]
Event: 18.203 Thread 0x00000295febb8e90 Implicit null exception at 0x00000295ed6dc4b4 to 0x00000295ed6de9d4
Event: 18.204 Thread 0x00000295febb8e90 Implicit null exception at 0x00000295ed6d4e38 to 0x00000295ed6d74e0
Event: 18.204 Thread 0x00000295febb8e90 Implicit null exception at 0x00000295ed6cdbdc to 0x00000295ed6cdef4
Event: 18.768 Thread 0x00000295febb8e90 Exception <a 'java/lang/NoSuchMethodError'{0x00000000c8879310}: 'java.lang.Object java.lang.invoke.DirectMethodHandle$Holder.newInvokeSpecial(java.lang.Object, java.lang.Object, java.lang.Object, java.lang.Object, java.lang.Object, java.lang.Object, java.lang.Object, java.lang.Object, java.lang.Object, java.lang.Object, java.lang.Object, java.lang.Object, java.lang.Object, java.lang.Object)'> (0x00000000c8879310) 
thrown [s\src\hotspot\share\interpreter\linkResolver.cpp, line 784]

ZGC Phase Switch (0 events):
No events

VM Operations (20 events):
Event: 17.074 Executing VM operation: G1PauseRemark
Event: 17.079 Executing VM operation: G1PauseRemark done
Event: 17.110 Executing VM operation: G1PauseCleanup
Event: 17.111 Executing VM operation: G1PauseCleanup done
Event: 17.392 Executing VM operation: HandshakeAllThreads (Deoptimize)
Event: 17.392 Executing VM operation: HandshakeAllThreads (Deoptimize) done
Event: 17.578 Executing VM operation: G1CollectForAllocation (G1 Evacuation Pause)
Event: 17.583 Executing VM operation: G1CollectForAllocation (G1 Evacuation Pause) done
Event: 18.164 Executing VM operation: G1CollectForAllocation (G1 Evacuation Pause)
Event: 18.171 Executing VM operation: G1CollectForAllocation (G1 Evacuation Pause) done
Event: 18.509 Executing VM operation: G1CollectForAllocation (G1 Evacuation Pause)
Event: 18.515 Executing VM operation: G1CollectForAllocation (G1 Evacuation Pause) done
Event: 18.595 Executing VM operation: G1PauseRemark
Event: 18.601 Executing VM operation: G1PauseRemark done
Event: 18.629 Executing VM operation: G1PauseCleanup
Event: 18.629 Executing VM operation: G1PauseCleanup done
Event: 18.699 Executing VM operation: HandshakeAllThreads (Deoptimize)
Event: 18.699 Executing VM operation: HandshakeAllThreads (Deoptimize) done
Event: 18.967 Executing VM operation: G1CollectForAllocation (G1 Evacuation Pause)
Event: 18.972 Executing VM operation: G1CollectForAllocation (G1 Evacuation Pause) done

Memory protections (0 events):
No events

Nmethod flushes (20 events):
Event: 18.600 Thread 0x00000295f8b444d0 flushing  nmethod 0x00000295e65eeb90
Event: 18.600 Thread 0x00000295f8b444d0 flushing  nmethod 0x00000295ed418890
Event: 18.600 Thread 0x00000295f8b444d0 flushing  nmethod 0x00000295ed527b90
Event: 18.600 Thread 0x00000295f8b444d0 flushing  nmethod 0x00000295ed576c10
Event: 18.600 Thread 0x00000295f8b444d0 flushing  nmethod 0x00000295ed5d7490
Event: 18.600 Thread 0x00000295f8b444d0 flushing  nmethod 0x00000295ed5dec10
Event: 18.600 Thread 0x00000295f8b444d0 flushing  nmethod 0x00000295ed73b890
Event: 18.600 Thread 0x00000295f8b444d0 flushing  nmethod 0x00000295e58be810
Event: 18.600 Thread 0x00000295f8b444d0 flushing  nmethod 0x00000295e58e4b90
Event: 18.600 Thread 0x00000295f8b444d0 flushing  nmethod 0x00000295e5950490
Event: 18.600 Thread 0x00000295f8b444d0 flushing  nmethod 0x00000295e59df310
Event: 18.600 Thread 0x00000295f8b444d0 flushing  nmethod 0x00000295e5dc9190
Event: 18.600 Thread 0x00000295f8b444d0 flushing  nmethod 0x00000295e5f28d90
Event: 18.600 Thread 0x00000295f8b444d0 flushing  nmethod 0x00000295e5f79790
Event: 18.600 Thread 0x00000295f8b444d0 flushing  nmethod 0x00000295e5f7b190
Event: 18.600 Thread 0x00000295f8b444d0 flushing  nmethod 0x00000295e5ff1510
Event: 18.600 Thread 0x00000295f8b444d0 flushing  nmethod 0x00000295e6044f10
Event: 18.600 Thread 0x00000295f8b444d0 flushing  nmethod 0x00000295e61f8c90
Event: 18.600 Thread 0x00000295f8b444d0 flushing osr nmethod 0x00000295e635c810
Event: 18.600 Thread 0x00000295f8b444d0 flushing  nmethod 0x00000295e65e0010

Events (20 events):
Event: 7.967 Thread 0x00000295febb8e90 Thread added: 0x0000029581f3b4e0
Event: 7.994 Thread 0x00000295febb8e90 Thread added: 0x0000029581f39410
Event: 8.016 Thread 0x00000295febb8e90 Thread added: 0x0000029581f3bb70
Event: 8.030 Thread 0x00000295febb8e90 Thread added: 0x0000029581f3c200
Event: 9.133 Thread 0x00000295fec041d0 Thread exited: 0x00000295fec041d0
Event: 9.288 Thread 0x00000295f8ba2e70 Thread added: 0x0000029584993830
Event: 9.935 Thread 0x00000295f8ba2e70 Thread added: 0x000002958236a820
Event: 10.940 Thread 0x00000295febb8e90 Thread added: 0x0000029582d01700
Event: 11.038 Thread 0x00000295febb8e90 Thread added: 0x0000029582d02420
Event: 11.736 Thread 0x00000295febb8e90 Thread added: 0x0000029582d06c50
Event: 12.370 Thread 0x000002958236a820 Thread exited: 0x000002958236a820
Event: 14.427 Thread 0x0000029584993830 Thread exited: 0x0000029584993830
Event: 14.657 Thread 0x00000295f8bcd2c0 Thread added: 0x00000295fe138400
Event: 14.904 Thread 0x00000295febb8e90 Thread added: 0x0000029584be8120
Event: 15.455 Thread 0x00000295febb8e90 Thread added: 0x0000029584be2540
Event: 15.713 Thread 0x00000295f8ba2e70 Thread added: 0x0000029582e62000
Event: 17.259 Thread 0x00000295febb8e90 Thread added: 0x0000029584be5330
Event: 18.756 Thread 0x00000295fe138400 Thread exited: 0x00000295fe138400
Event: 18.756 Thread 0x0000029582e62000 Thread exited: 0x0000029582e62000
Event: 18.926 Thread 0x00000295f8ba2e70 Thread added: 0x0000029583e96340


Dynamic libraries:
0x00007ff7af350000 - 0x00007ff7af35a000 	C:\Program Files\Android\Android Studio\jbr\bin\java.exe
0x00007fffd17f0000 - 0x00007fffd19e8000 	C:\Windows\SYSTEM32\ntdll.dll
0x00007fffd0b30000 - 0x00007fffd0bf2000 	C:\Windows\System32\KERNEL32.DLL
0x00007fffcf1d0000 - 0x00007fffcf4c6000 	C:\Windows\System32\KERNELBASE.dll
0x00007fffca9e0000 - 0x00007fffcaa74000 	C:\Windows\SYSTEM32\apphelp.dll
0x00007fffcf670000 - 0x00007fffcf770000 	C:\Windows\System32\ucrtbase.dll
0x00007fffc8880000 - 0x00007fffc889b000 	C:\Program Files\Android\Android Studio\jbr\bin\VCRUNTIME140.dll
0x00007fffc5050000 - 0x00007fffc5068000 	C:\Program Files\Android\Android Studio\jbr\bin\jli.dll
0x00007fffd0970000 - 0x00007fffd0b11000 	C:\Windows\System32\USER32.dll
0x00007fffcf580000 - 0x00007fffcf5a2000 	C:\Windows\System32\win32u.dll
0x00007fffb5850000 - 0x00007fffb5aeb000 	C:\Windows\WinSxS\amd64_microsoft.windows.common-controls_6595b64144ccf1df_6.0.19041.6456_none_60b8a6cb71f64256\COMCTL32.dll
0x00007fffd0e00000 - 0x00007fffd0e2b000 	C:\Windows\System32\GDI32.dll
0x00007fffd0080000 - 0x00007fffd011e000 	C:\Windows\System32\msvcrt.dll
0x00007fffcf060000 - 0x00007fffcf179000 	C:\Windows\System32\gdi32full.dll
0x00007fffcf770000 - 0x00007fffcf80d000 	C:\Windows\System32\msvcp_win.dll
0x00007fffd0420000 - 0x00007fffd044f000 	C:\Windows\System32\IMM32.DLL
0x00007fffcb4e0000 - 0x00007fffcb4ec000 	C:\Program Files\Android\Android Studio\jbr\bin\vcruntime140_1.dll
0x00007fffb24a0000 - 0x00007fffb252d000 	C:\Program Files\Android\Android Studio\jbr\bin\msvcp140.dll
0x00007fff7a440000 - 0x00007fff7b0cb000 	C:\Program Files\Android\Android Studio\jbr\bin\server\jvm.dll
0x00007fffcffc0000 - 0x00007fffd0071000 	C:\Windows\System32\ADVAPI32.dll
0x00007fffd0c10000 - 0x00007fffd0caf000 	C:\Windows\System32\sechost.dll
0x00007fffcf870000 - 0x00007fffcf990000 	C:\Windows\System32\RPCRT4.dll
0x00007fffcf5b0000 - 0x00007fffcf5d7000 	C:\Windows\System32\bcrypt.dll
0x00007fffd04d0000 - 0x00007fffd053b000 	C:\Windows\System32\WS2_32.dll
0x00007fffcece0000 - 0x00007fffced2b000 	C:\Windows\SYSTEM32\POWRPROF.dll
0x00007fffc8360000 - 0x00007fffc836a000 	C:\Windows\SYSTEM32\VERSION.dll
0x00007fffc18d0000 - 0x00007fffc18f7000 	C:\Windows\SYSTEM32\WINMM.dll
0x00007fffcecc0000 - 0x00007fffcecd2000 	C:\Windows\SYSTEM32\UMPDC.dll
0x00007fffcccf0000 - 0x00007fffccd02000 	C:\Windows\SYSTEM32\kernel.appcore.dll
0x00007fffcb4d0000 - 0x00007fffcb4da000 	C:\Program Files\Android\Android Studio\jbr\bin\jimage.dll
0x00007fffc4e40000 - 0x00007fffc5041000 	C:\Windows\SYSTEM32\DBGHELP.DLL
0x00007fffaf300000 - 0x00007fffaf334000 	C:\Windows\SYSTEM32\dbgcore.DLL
0x00007fffcf5e0000 - 0x00007fffcf662000 	C:\Windows\System32\bcryptPrimitives.dll
0x00007fffc5070000 - 0x00007fffc507e000 	C:\Program Files\Android\Android Studio\jbr\bin\instrument.dll
0x00007fffc8840000 - 0x00007fffc8860000 	C:\Program Files\Android\Android Studio\jbr\bin\java.dll
0x00007fffc7fe0000 - 0x00007fffc7ff8000 	C:\Program Files\Android\Android Studio\jbr\bin\zip.dll
0x00007fffd0f10000 - 0x00007fffd1680000 	C:\Windows\System32\SHELL32.dll
0x00007fffccef0000 - 0x00007fffcd695000 	C:\Windows\SYSTEM32\windows.storage.dll
0x00007fffd0540000 - 0x00007fffd0894000 	C:\Windows\System32\combase.dll
0x00007fffce7d0000 - 0x00007fffce7fb000 	C:\Windows\SYSTEM32\Wldp.dll
0x00007fffd08a0000 - 0x00007fffd096d000 	C:\Windows\System32\OLEAUT32.dll
0x00007fffcfaa0000 - 0x00007fffcfb4d000 	C:\Windows\System32\SHCORE.dll
0x00007fffcf810000 - 0x00007fffcf86b000 	C:\Windows\System32\shlwapi.dll
0x00007fffcedb0000 - 0x00007fffcedd4000 	C:\Windows\SYSTEM32\profapi.dll
0x00007fffcb330000 - 0x00007fffcb340000 	C:\Program Files\Android\Android Studio\jbr\bin\net.dll
0x00007fffc5090000 - 0x00007fffc519a000 	C:\Windows\SYSTEM32\WINHTTP.dll
0x00007fffce530000 - 0x00007fffce59a000 	C:\Windows\system32\mswsock.dll
0x00007fffc7fa0000 - 0x00007fffc7fb6000 	C:\Program Files\Android\Android Studio\jbr\bin\nio.dll
0x00007fffc5080000 - 0x00007fffc5090000 	C:\Program Files\Android\Android Studio\jbr\bin\verify.dll
0x00007fffb3970000 - 0x00007fffb3997000 	C:\Users\Ariel\.gradle\native\1def1411415f61bf3af743bc5b6707747c0891f09f0c88961ee8f79bc544acac\windows-amd64\native-platform.dll
0x00007fff858e0000 - 0x00007fff85958000 	C:\Users\Ariel\.gradle\native\0.2.7\x86_64-windows-gnu\gradle-fileevents.dll
0x00007fffc8830000 - 0x00007fffc8839000 	C:\Program Files\Android\Android Studio\jbr\bin\management.dll
0x00007fffc87d0000 - 0x00007fffc87db000 	C:\Program Files\Android\Android Studio\jbr\bin\management_ext.dll
0x00007fffd0c00000 - 0x00007fffd0c08000 	C:\Windows\System32\PSAPI.DLL
0x00007fffce210000 - 0x00007fffce24b000 	C:\Windows\SYSTEM32\IPHLPAPI.DLL
0x00007fffd0b20000 - 0x00007fffd0b28000 	C:\Windows\System32\NSI.dll
0x00007fffcadd0000 - 0x00007fffcadd9000 	C:\Program Files\Android\Android Studio\jbr\bin\extnet.dll
0x00007fffce730000 - 0x00007fffce748000 	C:\Windows\SYSTEM32\CRYPTSP.dll
0x00007fffcde50000 - 0x00007fffcde88000 	C:\Windows\system32\rsaenh.dll
0x00007fffced70000 - 0x00007fffced9e000 	C:\Windows\SYSTEM32\USERENV.dll
0x00007fffce720000 - 0x00007fffce72c000 	C:\Windows\SYSTEM32\CRYPTBASE.dll
0x00007fffb4530000 - 0x00007fffb4537000 	C:\Windows\system32\wshunix.dll

dbghelp: loaded successfully - version: 4.0.5 - missing functions: none
symbol engine: initialized successfully - sym options: 0x614 - pdb path: .;C:\Program Files\Android\Android Studio\jbr\bin;C:\Windows\SYSTEM32;C:\Windows\WinSxS\amd64_microsoft.windows.common-controls_6595b64144ccf1df_6.0.19041.6456_none_60b8a6cb71f64256;C:\Program Files\Android\Android Studio\jbr\bin\server;C:\Users\Ariel\.gradle\native\1def1411415f61bf3af743bc5b6707747c0891f09f0c88961ee8f79bc544acac\windows-amd64;C:\Users\Ariel\.gradle\native\0.2.7\x86_64-windows-gnu

VM Arguments:
jvm_args: --add-opens=java.base/java.lang=ALL-UNNAMED --add-opens=java.base/java.lang.invoke=ALL-UNNAMED --add-opens=java.base/java.util=ALL-UNNAMED --add-opens=java.prefs/java.util.prefs=ALL-UNNAMED --add-exports=jdk.compiler/com.sun.tools.javac.api=ALL-UNNAMED --add-exports=jdk.compiler/com.sun.tools.javac.util=ALL-UNNAMED --add-opens=java.base/java.util=ALL-UNNAMED --add-opens=java.prefs/java.util.prefs=ALL-UNNAMED --add-opens=java.base/java.nio.charset=ALL-UNNAMED --add-opens=java.base/java.net=ALL-UNNAMED --add-opens=java.base/java.util.concurrent.atomic=ALL-UNNAMED --add-opens=java.xml/javax.xml.namespace=ALL-UNNAMED -XX:MaxMetaspaceSize=256m -XX:-UseParallelGC -Xmx1024m -Dfile.encoding=UTF-8 -Duser.country=CL -Duser.language=es -Duser.variant -javaagent:C:\Users\Ariel\.gradle\wrapper\dists\gradle-8.13-bin\5xuhj0ry160q40clulazy9h7d\gradle-8.13\lib\agents\gradle-instrumentation-agent-8.13.jar 
java_command: org.gradle.launcher.daemon.bootstrap.GradleDaemon 8.13
java_class_path (initial): C:\Users\Ariel\.gradle\wrapper\dists\gradle-8.13-bin\5xuhj0ry160q40clulazy9h7d\gradle-8.13\lib\gradle-daemon-main-8.13.jar
Launcher Type: SUN_STANDARD

[Global flags]
     intx CICompilerCount                          = 4                                         {product} {ergonomic}
   size_t CompressedClassSpaceSize                 = 218103808                                 {product} {ergonomic}
     uint ConcGCThreads                            = 2                                         {product} {ergonomic}
     uint G1ConcRefinementThreads                  = 8                                         {product} {ergonomic}
   size_t G1HeapRegionSize                         = 1048576                                   {product} {ergonomic}
    uintx GCDrainStackTargetSize                   = 64                                        {product} {ergonomic}
   size_t InitialHeapSize                          = 251658240                                 {product} {ergonomic}
   size_t MarkStackSize                            = 4194304                                   {product} {ergonomic}
   size_t MaxHeapSize                              = 1073741824                                {product} {command line}
   size_t MaxMetaspaceSize                         = 268435456                                 {product} {command line}
   size_t MaxNewSize                               = 643825664                                 {product} {ergonomic}
   size_t MinHeapDeltaBytes                        = 1048576                                   {product} {ergonomic}
   size_t MinHeapSize                              = 8388608                                   {product} {ergonomic}
    uintx NonNMethodCodeHeapSize                   = 5839372                                {pd product} {ergonomic}
    uintx NonProfiledCodeHeapSize                  = 122909434                              {pd product} {ergonomic}
    uintx ProfiledCodeHeapSize                     = 122909434                              {pd product} {ergonomic}
    uintx ReservedCodeCacheSize                    = 251658240                              {pd product} {ergonomic}
     bool SegmentedCodeCache                       = true                                      {product} {ergonomic}
   size_t SoftMaxHeapSize                          = 1073741824                             {manageable} {ergonomic}
     bool UseCompressedOops                        = true                           {product lp64_product} {ergonomic}
     bool UseG1GC                                  = true                                      {product} {ergonomic}
     bool UseLargePagesIndividualAllocation        = false                                  {pd product} {ergonomic}
     bool UseParallelGC                            = false                                     {product} {command line}

Logging:
Log output configuration:
 #0: stdout all=warning uptime,level,tags foldmultilines=false
 #1: stderr all=off uptime,level,tags foldmultilines=false

Environment Variables:
JAVA_HOME=C:\Program Files\Android\Android Studio\jbr
PATH=C:\Program Files\Common Files\Siemens\Automation\Simatic OAM\bin;C:\Windows\system32;C:\Windows;C:\Windows\System32\Wbem;C:\Windows\System32\WindowsPowerShell\v1.0\;C:\Windows\System32\OpenSSH\;C:\Program Files\dotnet\;C:\Program Files (x86)\dotnet\;C:\Program Files\PKWARE\pkzipc;C:\Program Files\Android\Android Studio\jbr\bin;C:\Program Files\nodejs\;C:\Program Files\GitHub CLI\;C:\Program Files\Git\cmd;C:\Users\Ariel\AppData\Local\Microsoft\WindowsApps;C:\Users\Ariel\AppData\Local\Programs\Microsoft VS Code\bin;C:\Users\Ariel\AppData\Roaming\Programs\Zero Install;C:\Users\Ariel\AppData\Local\Programs\cursor\resources\app\bin;C:\Users\Ariel\AppData\Local\Packages\PythonSoftwareFoundation.Python.3.11_qbz5n2kfra8p0\LocalCache\local-packages\Python311\Scripts;C:\Program Files\Git;C:\Users\Ariel\AppData\Roaming\npm;C:\Users\Ariel\AppData\Local\Programs\Windsurf\bin
USERNAME=Ariel
OS=Windows_NT
PROCESSOR_IDENTIFIER=AMD64 Family 23 Model 17 Stepping 0, AuthenticAMD
TMP=C:\Users\Ariel\AppData\Local\Temp
TEMP=C:\Users\Ariel\AppData\Local\Temp




Periodic native trim disabled

JNI global refs:
JNI global refs: 30, weak refs: 5

JNI global refs memory usage: 835, weak refs: 833

Process memory usage:
Resident Set Size: 434528K (2% of 15661664K total physical memory with 1169492K free physical memory)

OOME stack traces (most recent first):
Classloader memory used:
Loader org.gradle.internal.classloader.VisitableURLClassLoader                         : 40032K
Loader bootstrap                                                                       : 27360K
Loader org.gradle.internal.classloader.VisitableURLClassLoader$InstrumentingVisitableURLClassLoader: 19066K
Loader org.gradle.initialization.MixInLegacyTypesClassLoader                           : 11990K
Loader jdk.internal.loader.ClassLoaders$PlatformClassLoader                            : 555K
Loader jdk.internal.reflect.DelegatingClassLoader                                      : 259K
Loader jdk.internal.loader.ClassLoaders$AppClassLoader                                 : 235K
Loader org.gradle.internal.classloader.VisitableURLClassLoader                         : 222K
Loader org.gradle.groovy.scripts.internal.DefaultScriptCompilationHandler$ScriptClassLoader: 122K
Loader org.codehaus.groovy.runtime.callsite.CallSiteClassLoader                        : 17152B

Classes loaded by more than one classloader:
Class Program                                                                         : loaded 5 times (x 68B)
Class Build_gradle                                                                    : loaded 3 times (x 126B)
Class Build_gradle$1                                                                  : loaded 3 times (x 70B)
Class org.gradle.internal.classloader.FilteringClassLoader                            : loaded 2 times (x 101B)
Class com.google.common.base.CharMatcher$IsEither                                     : loaded 2 times (x 107B)
Class org.gradle.internal.classloader.ClassLoaderHierarchy                            : loaded 2 times (x 66B)
Class com.google.common.collect.ImmutableEnumSet                                      : loaded 2 times (x 142B)
Class com.google.common.util.concurrent.ExecutionError                                : loaded 2 times (x 78B)
Class com.google.common.collect.ImmutableList$1                                       : loaded 2 times (x 93B)
Class org.gradle.api.internal.classpath.ManifestUtil                                  : loaded 2 times (x 67B)
Class com.google.common.collect.RegularImmutableMap                                   : loaded 2 times (x 117B)
Class com.google.common.collect.ImmutableMap$MapViewOfValuesAsSingletonSets           : loaded 2 times (x 122B)
Class [Lorg.objectweb.asm.Symbol;                                                     : loaded 2 times (x 65B)
Class org.objectweb.asm.ClassVisitor                                                  : loaded 2 times (x 84B)
Class com.google.common.collect.UnmodifiableListIterator                              : loaded 2 times (x 91B)
Class org.objectweb.asm.MethodTooLargeException                                       : loaded 2 times (x 79B)
Class [Lcom.google.common.cache.CacheBuilder$OneWeigher;                              : loaded 2 times (x 65B)
Class com.google.common.base.Suppliers                                                : loaded 2 times (x 67B)
Class org.gradle.internal.classloader.DefaultClassLoaderFactory                       : loaded 2 times (x 78B)
Class org.gradle.internal.classloader.ClassLoaderVisitor                              : loaded 2 times (x 72B)
Class [Lcom.google.common.collect.ImmutableMapEntry;                                  : loaded 2 times (x 65B)
Class org.gradle.api.internal.classpath.EffectiveClassPath                            : loaded 2 times (x 86B)
Class com.google.common.collect.ImmutableRangeSet                                     : loaded 2 times (x 111B)
Class com.google.common.collect.ListMultimap                                          : loaded 2 times (x 66B)
Class com.google.common.collect.ImmutableEnumMap                                      : loaded 2 times (x 122B)
Class com.google.common.collect.Sets$1                                                : loaded 2 times (x 135B)
Class org.objectweb.asm.AnnotationVisitor                                             : loaded 2 times (x 74B)
Class org.gradle.api.internal.DefaultClassPathProvider                                : loaded 2 times (x 72B)
Class com.google.common.collect.Sets$2                                                : loaded 2 times (x 135B)
Class [Lorg.gradle.api.internal.ClassPathProvider;                                    : loaded 2 times (x 65B)
Class org.gradle.api.internal.ClassPathProvider                                       : loaded 2 times (x 66B)
Class [Lorg.objectweb.asm.AnnotationVisitor;                                          : loaded 2 times (x 65B)
Class com.google.common.collect.Sets$3                                                : loaded 2 times (x 135B)
Class com.google.common.util.concurrent.AbstractFuture$SafeAtomicHelper               : loaded 2 times (x 75B)
Class com.google.common.cache.LocalCache$LocalLoadingCache                            : loaded 2 times (x 130B)
Class org.gradle.internal.service.UnknownServiceException                             : loaded 2 times (x 79B)
Class com.google.common.collect.Sets$4                                                : loaded 2 times (x 135B)
Class org.objectweb.asm.ModuleVisitor                                                 : loaded 2 times (x 77B)
Class com.google.common.cache.LocalCache$Strength$1                                   : loaded 2 times (x 77B)
Class com.google.common.util.concurrent.SettableFuture                                : loaded 2 times (x 110B)
Class com.google.common.cache.LocalCache$Strength$2                                   : loaded 2 times (x 77B)
Class com.google.common.cache.LocalCache$Strength$3                                   : loaded 2 times (x 77B)
Class com.google.common.collect.MapDifference                                         : loaded 2 times (x 66B)
Class org.objectweb.asm.FieldWriter                                                   : loaded 2 times (x 74B)
Class com.google.common.cache.CacheBuilder$NullListener                               : loaded 2 times (x 78B)
Class org.gradle.internal.classpath.TransformedClassPath                              : loaded 2 times (x 92B)
Class org.gradle.internal.classloader.InstrumentingClassLoader                        : loaded 2 times (x 66B)
Class com.google.common.collect.ImmutableRangeSet$AsSet                               : loaded 2 times (x 296B)
Class com.google.common.cache.CacheLoader$FunctionToCacheLoader                       : loaded 2 times (x 71B)
Class com.google.common.collect.Iterators$ArrayItr                                    : loaded 2 times (x 93B)
Class com.google.common.collect.ImmutableCollection$Builder                           : loaded 2 times (x 72B)
Class com.google.common.base.Joiner                                                   : loaded 2 times (x 75B)
Class com.google.common.base.MoreObjects                                              : loaded 2 times (x 67B)
Class com.google.common.collect.Platform                                              : loaded 2 times (x 67B)
Class [Lorg.objectweb.asm.Type;                                                       : loaded 2 times (x 65B)
Class com.google.common.collect.UnmodifiableIterator                                  : loaded 2 times (x 76B)
Class org.gradle.internal.service.ServiceLocator                                      : loaded 2 times (x 66B)
Class com.google.common.base.Ascii                                                    : loaded 2 times (x 67B)
Class com.google.common.cache.LocalCache$1                                            : loaded 2 times (x 85B)
Class com.google.common.collect.SingletonImmutableBiMap                               : loaded 2 times (x 139B)
Class com.google.common.collect.AbstractMapEntry                                      : loaded 2 times (x 77B)
Class com.google.common.collect.ImmutableList$Builder                                 : loaded 2 times (x 73B)
Class com.google.common.collect.AbstractMultimap                                      : loaded 2 times (x 119B)
Class com.google.common.cache.LocalCache$2                                            : loaded 2 times (x 138B)
Class com.google.common.collect.ImmutableRangeSet$1                                   : loaded 2 times (x 206B)
Class com.google.common.util.concurrent.AbstractFuture$UnsafeAtomicHelper$1           : loaded 2 times (x 72B)
Class com.google.common.collect.RegularImmutableAsList                                : loaded 2 times (x 213B)
Class com.google.common.collect.Range                                                 : loaded 2 times (x 83B)
Class com.google.common.util.concurrent.AbstractFuture$Trusted                        : loaded 2 times (x 66B)
Class com.google.common.collect.Iterators                                             : loaded 2 times (x 67B)
Class com.google.common.collect.Lists$StringAsImmutableList                           : loaded 2 times (x 203B)
Class com.google.common.util.concurrent.UncheckedExecutionException                   : loaded 2 times (x 78B)
Class org.gradle.kotlin.dsl.VersionCatalogAccessorsKt                                 : loaded 2 times (x 67B)
Class org.gradle.internal.InternalTransformer                                         : loaded 2 times (x 66B)
Class org.objectweb.asm.ClassWriter                                                   : loaded 2 times (x 102B)
Class com.google.common.base.CharMatcher$And                                          : loaded 2 times (x 108B)
Class com.google.common.cache.CacheLoader$UnsupportedLoadingOperationException        : loaded 2 times (x 78B)
Class org.gradle.internal.classloader.ClasspathUtil$1                                 : loaded 2 times (x 72B)
Class org.objectweb.asm.FieldVisitor                                                  : loaded 2 times (x 73B)
Class com.google.common.collect.IndexedImmutableSet                                   : loaded 2 times (x 148B)
Class com.google.common.collect.ImmutableMap$1                                        : loaded 2 times (x 77B)
Class com.google.common.collect.BiMap                                                 : loaded 2 times (x 66B)
Class ijKotlinCoroutineJvmDebugInit1_6q2oqdjgbcb2wrvylnfzdc1rj$_run_closure1$_closure2: loaded 2 times (x 135B)
Class org.gradle.api.internal.classpath.DefaultModuleRegistry$DefaultModule           : loaded 2 times (x 82B)
Class com.google.common.primitives.Ints                                               : loaded 2 times (x 67B)
Class com.google.common.collect.AbstractIterator                                      : loaded 2 times (x 78B)
Class com.google.common.collect.ObjectArrays                                          : loaded 2 times (x 67B)
Class com.google.common.collect.Multiset                                              : loaded 2 times (x 66B)
Class com.google.common.collect.RegularImmutableMap$KeySet                            : loaded 2 times (x 148B)
Class com.google.common.collect.AbstractIndexedListIterator                           : loaded 2 times (x 92B)
Class com.google.common.math.MathPreconditions                                        : loaded 2 times (x 67B)
Class com.google.common.collect.ImmutableMapEntrySet                                  : loaded 2 times (x 148B)
Class org.gradle.api.internal.classpath.Module                                        : loaded 2 times (x 66B)
Class com.google.common.cache.Weigher                                                 : loaded 2 times (x 66B)
Class org.gradle.api.internal.classpath.UnknownModuleException                        : loaded 2 times (x 78B)
Class com.google.common.base.Stopwatch                                                : loaded 2 times (x 68B)
Class com.google.common.cache.LocalCache$Strength                                     : loaded 2 times (x 77B)
Class com.google.common.cache.Cache                                                   : loaded 2 times (x 66B)
Class com.google.common.util.concurrent.AbstractFuture$Cancellation                   : loaded 2 times (x 68B)
Class com.google.common.collect.ImmutableMap$Builder                                  : loaded 2 times (x 78B)
Class com.google.common.cache.RemovalListener                                         : loaded 2 times (x 66B)
Class org.gradle.api.internal.DefaultClassPathRegistry                                : loaded 2 times (x 72B)
Class com.google.common.primitives.IntsMethodsForWeb                                  : loaded 2 times (x 67B)
Class com.google.common.collect.Multimap                                              : loaded 2 times (x 66B)
Class org.gradle.api.internal.ClassPathRegistry                                       : loaded 2 times (x 66B)
Class org.gradle.internal.classpath.DefaultClassPath$ImmutableUniqueList              : loaded 2 times (x 195B)
Class com.google.common.base.Equivalence$Identity                                     : loaded 2 times (x 78B)
Class com.google.common.cache.CacheBuilder                                            : loaded 2 times (x 68B)
Class com.google.common.collect.SingletonImmutableList                                : loaded 2 times (x 203B)
Class Settings_gradle$1                                                               : loaded 2 times (x 70B)
Class org.gradle.internal.classpath.ClassPath                                         : loaded 2 times (x 66B)
Class org.gradle.api.UncheckedIOException                                             : loaded 2 times (x 78B)
Class com.google.common.collect.ImmutableList$ReverseImmutableList                    : loaded 2 times (x 205B)
Class org.objectweb.asm.SymbolTable$Entry                                             : loaded 2 times (x 70B)
Class com.google.common.util.concurrent.AbstractFuture$AtomicHelper                   : loaded 2 times (x 74B)
Class org.objectweb.asm.Edge                                                          : loaded 2 times (x 68B)
Class com.google.common.base.Suppliers$SupplierOfInstance                             : loaded 2 times (x 75B)
Class com.google.common.collect.Iterators$1                                           : loaded 2 times (x 77B)
Class com.google.common.cache.LocalCache$ComputingValueReference                      : loaded 2 times (x 92B)
Class com.google.common.collect.SingletonImmutableSet                                 : loaded 2 times (x 142B)
Class com.google.common.collect.ImmutableMap$IteratorBasedImmutableMap                : loaded 2 times (x 122B)
Class com.google.common.cache.LocalCache$Segment                                      : loaded 2 times (x 150B)
Class ijJvmDebugger1_bc72zq7ol37vjy3kmc1tls8ep$_run_closure1                          : loaded 2 times (x 135B)
Class com.google.common.collect.SortedIterable                                        : loaded 2 times (x 66B)
Class com.google.common.collect.AbstractListMultimap                                  : loaded 2 times (x 168B)
Class [Lorg.objectweb.asm.SymbolTable$Entry;                                          : loaded 2 times (x 65B)
Class com.google.common.cache.CacheLoader                                             : loaded 2 times (x 70B)
Class com.google.common.collect.Iterators$4                                           : loaded 2 times (x 78B)
Class com.google.common.collect.ImmutableBiMap                                        : loaded 2 times (x 139B)
Class org.gradle.internal.installation.GradleInstallation$1                           : loaded 2 times (x 71B)
Class org.gradle.api.internal.classpath.ModuleRegistry                                : loaded 2 times (x 66B)
Class com.google.common.util.concurrent.internal.InternalFutureFailureAccess          : loaded 2 times (x 68B)
Class com.google.common.collect.Iterators$5                                           : loaded 2 times (x 78B)
Class com.google.common.collect.ImmutableSet$JdkBackedSetBuilderImpl                  : loaded 2 times (x 72B)
Class com.google.common.util.concurrent.AbstractFuture$UnsafeAtomicHelper             : loaded 2 times (x 74B)
Class com.google.common.base.CharMatcher$ForPredicate                                 : loaded 2 times (x 108B)
Class com.google.common.cache.LocalCache$LocalManualCache$1                           : loaded 2 times (x 71B)
Class com.google.common.base.CharMatcher$AnyOf                                        : loaded 2 times (x 108B)
Class com.google.common.collect.ImmutableCollection                                   : loaded 2 times (x 121B)
Class org.gradle.api.internal.classpath.DefaultModuleRegistry                         : loaded 2 times (x 82B)
Class com.google.common.collect.Lists                                                 : loaded 2 times (x 67B)
Class com.google.common.util.concurrent.ListenableFuture                              : loaded 2 times (x 66B)
Class com.google.common.cache.ReferenceEntry                                          : loaded 2 times (x 66B)
Class com.google.common.base.Converter                                                : loaded 2 times (x 86B)
Class com.google.common.collect.ImmutableSet$CachingAsList                            : loaded 2 times (x 144B)
Class com.google.common.collect.AbstractMapBasedMultimap                              : loaded 2 times (x 135B)
Class com.google.common.util.concurrent.AbstractFuture                                : loaded 2 times (x 102B)
Class com.google.common.base.FunctionalEquivalence                                    : loaded 2 times (x 79B)
Class com.google.common.collect.Iterators$9                                           : loaded 2 times (x 77B)
Class com.google.common.collect.ImmutableAsList                                       : loaded 2 times (x 205B)
Class org.objectweb.asm.RecordComponentVisitor                                        : loaded 2 times (x 73B)
Class com.google.common.cache.CacheLoader$SupplierToCacheLoader                       : loaded 2 times (x 71B)
Class com.google.common.collect.Maps$EntryTransformer                                 : loaded 2 times (x 66B)
Class org.gradle.internal.service.ServiceLookupException                              : loaded 2 times (x 78B)
Class com.google.common.collect.ImmutableSortedSet                                    : loaded 2 times (x 296B)
Class [Lcom.google.common.cache.LocalCache$EntryFactory;                              : loaded 2 times (x 65B)
Class org.gradle.internal.classloader.ClassLoaderFactory                              : loaded 2 times (x 66B)
Class com.google.common.base.CharMatcher$IsNot                                        : loaded 2 times (x 107B)
Class com.google.common.cache.LocalCache$LocalManualCache                             : loaded 2 times (x 95B)
Class ijJvmDebugger1_bc72zq7ol37vjy3kmc1tls8ep$_run_closure1$_closure2                : loaded 2 times (x 136B)
Class org.gradle.internal.service.CachingServiceLocator                               : loaded 2 times (x 78B)
Class com.google.common.collect.RegularImmutableSortedSet                             : loaded 2 times (x 296B)
Class com.google.common.math.IntMath                                                  : loaded 2 times (x 67B)
Class com.google.common.collect.ImmutableMapEntry                                     : loaded 2 times (x 81B)
Class com.google.common.base.Equivalence                                              : loaded 2 times (x 78B)
Class com.google.common.base.Function                                                 : loaded 2 times (x 66B)
Class com.google.common.collect.ImmutableMapEntry$NonTerminalImmutableMapEntry        : loaded 2 times (x 81B)
Class com.google.common.cache.CacheBuilder$OneWeigher                                 : loaded 2 times (x 78B)
Class com.google.common.collect.RegularImmutableList                                  : loaded 2 times (x 209B)
Class org.gradle.internal.classloader.ClasspathUtil                                   : loaded 2 times (x 67B)
Class com.google.common.base.Charsets                                                 : loaded 2 times (x 67B)
Class com.google.common.util.concurrent.Uninterruptibles                              : loaded 2 times (x 67B)
Class com.google.common.collect.Maps                                                  : loaded 2 times (x 67B)
Class org.gradle.api.specs.Spec                                                       : loaded 2 times (x 66B)
Class [Lcom.google.common.collect.ImmutableEntry;                                     : loaded 2 times (x 65B)
Class com.google.common.cache.LocalCache$LoadingValueReference                        : loaded 2 times (x 92B)
Class com.google.common.collect.ArrayListMultimapGwtSerializationDependencies         : loaded 2 times (x 168B)
Class [Lorg.objectweb.asm.AnnotationWriter;                                           : loaded 2 times (x 65B)
Class com.google.common.collect.Maps$8                                                : loaded 2 times (x 78B)
Class com.google.common.collect.ImmutableRangeSet$Builder                             : loaded 2 times (x 73B)
Class com.google.common.collect.Sets$SetView                                          : loaded 2 times (x 134B)
Class com.google.common.cache.LocalCache$StrongValueReference                         : loaded 2 times (x 86B)
Class com.google.common.util.concurrent.AbstractFuture$SynchronizedHelper             : loaded 2 times (x 74B)
Class org.objectweb.asm.Type                                                          : loaded 2 times (x 68B)
Class org.gradle.internal.classloader.VisitableURLClassLoader$InstrumentingVisitableURLClassLoader: loaded 2 times (x 119B)
Class org.objectweb.asm.ByteVector                                                    : loaded 2 times (x 75B)
Class [Lcom.google.common.cache.CacheBuilder$NullListener;                            : loaded 2 times (x 65B)
Class com.google.common.math.IntMath$1                                                : loaded 2 times (x 67B)
Class org.gradle.internal.classloader.VisitableURLClassLoader$Spec                    : loaded 2 times (x 70B)
Class org.gradle.internal.classpath.DefaultClassPath                                  : loaded 2 times (x 86B)
Class org.objectweb.asm.Symbol                                                        : loaded 2 times (x 69B)
Class com.google.common.base.CharMatcher$Ascii                                        : loaded 2 times (x 108B)
Class com.google.common.base.CharMatcher$BitSetMatcher                                : loaded 2 times (x 108B)
Class com.google.common.collect.ImmutableSet                                          : loaded 2 times (x 141B)
Class com.google.common.collect.RegularImmutableMap$Values                            : loaded 2 times (x 203B)
Class ijKotlinCoroutineJvmDebugInit1_6q2oqdjgbcb2wrvylnfzdc1rj                        : loaded 2 times (x 175B)
Class org.gradle.internal.classloader.ClassLoaderSpec                                 : loaded 2 times (x 67B)
Class org.objectweb.asm.AnnotationWriter                                              : loaded 2 times (x 75B)
Class com.google.common.cache.CacheStats                                              : loaded 2 times (x 67B)
Class org.objectweb.asm.RecordComponentWriter                                         : loaded 2 times (x 74B)
Class com.google.common.util.concurrent.AbstractFuture$Listener                       : loaded 2 times (x 68B)
Class com.google.common.base.CharMatcher$Or                                           : loaded 2 times (x 108B)
Class Settings_gradle$1$1                                                             : loaded 2 times (x 70B)
Class org.objectweb.asm.Attribute                                                     : loaded 2 times (x 73B)
Class com.google.common.base.Supplier                                                 : loaded 2 times (x 66B)
Class org.gradle.internal.classloader.VisitableURLClassLoader                         : loaded 2 times (x 113B)
Class com.google.common.util.concurrent.AbstractFuture$Waiter                         : loaded 2 times (x 68B)
Class Settings_gradle                                                                 : loaded 2 times (x 124B)
Class org.gradle.internal.Cast                                                        : loaded 2 times (x 67B)
Class org.gradle.api.Action                                                           : loaded 2 times (x 66B)
Class com.google.common.collect.Sets                                                  : loaded 2 times (x 67B)
Class org.objectweb.asm.Handler                                                       : loaded 2 times (x 68B)
Class com.google.common.base.CharMatcher$FastMatcher                                  : loaded 2 times (x 107B)
Class com.google.common.base.Ticker                                                   : loaded 2 times (x 68B)
Class ijJvmDebugger1_bc72zq7ol37vjy3kmc1tls8ep                                        : loaded 2 times (x 175B)
Class [Lcom.google.common.cache.LocalCache$Segment;                                   : loaded 2 times (x 65B)
Class com.google.common.base.Predicate                                                : loaded 2 times (x 66B)
Class [Lcom.google.common.cache.LocalCache$Strength;                                  : loaded 2 times (x 65B)
Class com.google.common.cache.CacheBuilder$1                                          : loaded 2 times (x 81B)
Class com.google.common.collect.ImmutableMap                                          : loaded 2 times (x 116B)
Class org.gradle.internal.classpath.DefaultClassPath$ImmutableUniqueList$Builder      : loaded 2 times (x 71B)
Class com.google.common.collect.AbstractRangeSet                                      : loaded 2 times (x 110B)
Class com.google.common.base.CharMatcher$NegatedFastMatcher                           : loaded 2 times (x 109B)
Class com.google.common.cache.LocalCache                                              : loaded 2 times (x 183B)
Class com.google.common.cache.CacheBuilder$2                                          : loaded 2 times (x 75B)
Class com.google.common.collect.ArrayListMultimap                                     : loaded 2 times (x 168B)
Class com.google.common.cache.CacheBuilder$3                                          : loaded 2 times (x 68B)
Class [Lcom.google.common.collect.AbstractMapEntry;                                   : loaded 2 times (x 65B)
Class com.google.common.collect.ImmutableEntry                                        : loaded 2 times (x 78B)
Class org.gradle.api.GradleException                                                  : loaded 2 times (x 78B)
Class com.google.common.collect.CollectPreconditions                                  : loaded 2 times (x 67B)
Class ijKotlinCoroutineJvmDebugInit1_6q2oqdjgbcb2wrvylnfzdc1rj$_run_closure1          : loaded 2 times (x 135B)
Class com.google.common.collect.SortedMapDifference                                   : loaded 2 times (x 66B)
Class com.google.common.cache.LocalCache$EntryFactory                                 : loaded 2 times (x 79B)
Class com.google.common.cache.LocalCache$AbstractReferenceEntry                       : loaded 2 times (x 103B)
Class org.gradle.internal.IoActions                                                   : loaded 2 times (x 67B)
Class com.google.common.collect.ImmutableRangeSet$ComplementRanges                    : loaded 2 times (x 203B)
Class org.objectweb.asm.SymbolTable                                                   : loaded 2 times (x 68B)
Class com.google.common.cache.CacheLoader$InvalidCacheLoadException                   : loaded 2 times (x 78B)
Class com.google.common.collect.ImmutableSet$RegularSetBuilderImpl                    : loaded 2 times (x 73B)
Class org.gradle.internal.classloader.SystemClassLoaderSpec                           : loaded 2 times (x 67B)
Class com.google.common.cache.LocalCache$StrongEntry                                  : loaded 2 times (x 104B)
Class com.google.common.util.concurrent.AbstractFuture$TrustedFuture                  : loaded 2 times (x 110B)
Class com.google.common.cache.LoadingCache                                            : loaded 2 times (x 66B)
Class org.objectweb.asm.MethodWriter                                                  : loaded 2 times (x 102B)
Class [Lcom.google.common.cache.Weigher;                                              : loaded 2 times (x 65B)
Class com.google.common.collect.RegularImmutableMap$BucketOverflowException           : loaded 2 times (x 78B)
Class com.google.common.base.CharMatcher$Negated                                      : loaded 2 times (x 109B)
Class com.google.common.base.CharMatcher$Is                                           : loaded 2 times (x 107B)
Class com.google.common.cache.LocalCache$ValueReference                               : loaded 2 times (x 66B)
Class com.google.common.collect.RegularImmutableBiMap                                 : loaded 2 times (x 145B)
Class com.google.common.util.concurrent.AbstractFuture$Failure                        : loaded 2 times (x 68B)
Class com.google.common.base.Equivalence$Equals                                       : loaded 2 times (x 78B)
Class com.google.common.collect.Hashing                                               : loaded 2 times (x 67B)
Class com.google.common.base.Preconditions                                            : loaded 2 times (x 67B)
Class com.google.common.base.Joiner$1                                                 : loaded 2 times (x 76B)
Class org.objectweb.asm.Label                                                         : loaded 2 times (x 69B)
Class org.objectweb.asm.CurrentFrame                                                  : loaded 2 times (x 69B)
Class org.objectweb.asm.ClassTooLargeException                                        : loaded 2 times (x 79B)
Class com.google.common.base.CharMatcher                                              : loaded 2 times (x 107B)
Class com.google.common.collect.PeekingIterator                                       : loaded 2 times (x 66B)
Class com.google.common.collect.RangeGwtSerializationDependencies                     : loaded 2 times (x 67B)
Class com.google.common.base.Joiner$2                                                 : loaded 2 times (x 75B)
Class org.objectweb.asm.Frame                                                         : loaded 2 times (x 69B)
Class org.objectweb.asm.MethodVisitor                                                 : loaded 2 times (x 101B)
Class com.google.common.base.CharMatcher$1                                            : loaded 2 times (x 109B)
Class com.google.common.base.CharMatcher$NamedFastMatcher                             : loaded 2 times (x 108B)
Class com.google.common.cache.LocalCache$EntryFactory$1                               : loaded 2 times (x 79B)
Class [Lcom.google.common.cache.RemovalListener;                                      : loaded 2 times (x 65B)
Class com.google.common.collect.RangeSet                                              : loaded 2 times (x 66B)
Class com.google.common.cache.LocalCache$EntryFactory$2                               : loaded 2 times (x 79B)
Class org.gradle.api.internal.classpath.GlobalCacheRootsProvider                      : loaded 2 times (x 66B)
Class com.google.common.collect.CollectCollectors                                     : loaded 2 times (x 67B)
Class org.objectweb.asm.ModuleWriter                                                  : loaded 2 times (x 78B)
Class com.google.common.cache.LocalCache$EntryFactory$3                               : loaded 2 times (x 79B)
Class com.google.common.base.Ticker$1                                                 : loaded 2 times (x 68B)
Class com.google.common.collect.Maps$BiMapConverter                                   : loaded 2 times (x 86B)
Class com.google.common.collect.ImmutableMapEntrySet$RegularEntrySet                  : loaded 2 times (x 148B)
Class com.google.common.base.CharMatcher$InRange                                      : loaded 2 times (x 107B)
Class com.google.common.cache.LocalCache$EntryFactory$4                               : loaded 2 times (x 79B)
Class com.google.common.collect.ImmutableSet$Builder                                  : loaded 2 times (x 81B)
Class com.google.common.cache.LocalCache$EntryFactory$5                               : loaded 2 times (x 79B)
Class com.google.common.base.PairwiseEquivalence                                      : loaded 2 times (x 79B)
Class com.google.common.cache.LocalCache$EntryFactory$6                               : loaded 2 times (x 79B)
Class org.gradle.internal.installation.CurrentGradleInstallationLocator               : loaded 2 times (x 67B)
Class com.google.common.cache.LocalCache$EntryFactory$7                               : loaded 2 times (x 79B)
Class com.google.common.collect.ImmutableSet$EmptySetBuilderImpl                      : loaded 2 times (x 72B)
Class com.google.common.collect.ImmutableList                                         : loaded 2 times (x 202B)
Class org.gradle.internal.service.DefaultServiceLocator                               : loaded 2 times (x 79B)
Class com.google.common.cache.LocalCache$EntryFactory$8                               : loaded 2 times (x 79B)
Class com.google.common.collect.ImmutableSet$SetBuilderImpl                           : loaded 2 times (x 72B)
Class org.gradle.internal.installation.CurrentGradleInstallation                      : loaded 2 times (x 69B)
Class com.google.common.cache.CacheLoader$1                                           : loaded 2 times (x 71B)
Class com.google.common.collect.ImmutableList$SubList                                 : loaded 2 times (x 205B)
Class org.gradle.util.internal.GUtil                                                  : loaded 2 times (x 67B)
Class com.google.common.util.concurrent.AbstractFuture$SetFuture                      : loaded 2 times (x 71B)
Class com.google.common.cache.AbstractCache$StatsCounter                              : loaded 2 times (x 66B)
Class com.google.common.collect.Iterators$MergingIterator                             : loaded 2 times (x 77B)
Class com.google.common.collect.RegularImmutableSet                                   : loaded 2 times (x 145B)
Class org.gradle.internal.installation.GradleInstallation                             : loaded 2 times (x 71B)
Class com.google.common.collect.Iterables                                             : loaded 2 times (x 67B)

---------------  S Y S T E M  ---------------

OS:
 Windows 10 , 64 bit Build 19041 (10.0.19041.5915)
OS uptime: 0 days 4:53 hours

CPU: total 8 (initial active 8) (8 cores per cpu, 2 threads per core) family 23 model 17 stepping 0 microcode 0x0, cx8, cmov, fxsr, ht, mmx, 3dnowpref, sse, sse2, sse3, ssse3, sse4a, sse4.1, sse4.2, popcnt, lzcnt, tsc, tscinvbit, avx, avx2, aes, clmul, bmi1, bmi2, adx, sha, fma, vzeroupper, clflush, clflushopt, rdtscp, f16c
Processor Information for the first 8 processors :
  Max Mhz: 2000, Current Mhz: 2000, Mhz Limit: 2000

Memory: 4k page, system-wide physical 15294M (1142M free)
TotalPageFile size 17342M (AvailPageFile size 5M)
current process WorkingSet (physical memory assigned to process): 425M, peak: 425M
current process commit charge ("private bytes"): 459M, peak: 460M

vm_info: OpenJDK 64-Bit Server VM (21.0.6+-13391695-b895.109) for windows-amd64 JRE (21.0.6+-13391695-b895.109), built on 2025-04-22T21:19:17Z by "builder" with MS VC++ 16.10 / 16.11 (VS2019)

END.
