#
# There is insufficient memory for the Java Runtime Environment to continue.
# Native memory allocation (malloc) failed to allocate 1200496 bytes. Error detail: Chunk::new
# Possible reasons:
#   The system is out of physical RAM or swap space
#   This process is running with CompressedOops enabled, and the Java Heap may be blocking the growth of the native heap
# Possible solutions:
#   Reduce memory load on the system
#   Increase physical memory or swap space
#   Check if swap backing store is full
#   Decrease Java heap size (-Xmx/-Xms)
#   Decrease number of Java threads
#   Decrease Java thread stack sizes (-Xss)
#   Set larger code cache with -XX:ReservedCodeCacheSize=
#   JVM is running with Unscaled Compressed Oops mode in which the Java heap is
#     placed in the first 4GB address space. The Java Heap base address is the
#     maximum limit for the native heap growth. Please use -XX:HeapBaseMinAddress
#     to set the Java Heap base and to place the Java Heap above 4GB virtual address.
# This output file may be truncated or incomplete.
#
#  Out of Memory Error (arena.cpp:168), pid=13648, tid=11676
#
# JRE version: OpenJDK Runtime Environment (21.0.6) (build 21.0.6+-13391695-b895.109)
# Java VM: OpenJDK 64-Bit Server VM (21.0.6+-13391695-b895.109, mixed mode, tiered, compressed oops, compressed class ptrs, g1 gc, windows-amd64)
# No core dump will be written. Minidumps are not enabled by default on client versions of Windows
#

---------------  S U M M A R Y ------------

Command Line: --add-opens=java.base/java.lang=ALL-UNNAMED --add-opens=java.base/java.lang.invoke=ALL-UNNAMED --add-opens=java.base/java.util=ALL-UNNAMED --add-opens=java.prefs/java.util.prefs=ALL-UNNAMED --add-exports=jdk.compiler/com.sun.tools.javac.api=ALL-UNNAMED --add-exports=jdk.compiler/com.sun.tools.javac.util=ALL-UNNAMED --add-opens=java.base/java.util=ALL-UNNAMED --add-opens=java.prefs/java.util.prefs=ALL-UNNAMED --add-opens=java.base/java.nio.charset=ALL-UNNAMED --add-opens=java.base/java.net=ALL-UNNAMED --add-opens=java.base/java.util.concurrent.atomic=ALL-UNNAMED --add-opens=java.xml/javax.xml.namespace=ALL-UNNAMED -XX:MaxMetaspaceSize=256m -XX:-UseParallelGC -Xmx1024m -Dfile.encoding=UTF-8 -Duser.country=CL -Duser.language=es -Duser.variant -javaagent:C:\Users\Ariel\.gradle\wrapper\dists\gradle-8.13-bin\5xuhj0ry160q40clulazy9h7d\gradle-8.13\lib\agents\gradle-instrumentation-agent-8.13.jar org.gradle.launcher.daemon.bootstrap.GradleDaemon 8.13

Host: AMD Ryzen 5 2500U with Radeon Vega Mobile Gfx  , 8 cores, 14G,  Windows 10 , 64 bit Build 19041 (10.0.19041.5915)
Time: Tue Nov 11 19:05:02 2025 Hora verano Sudamérica Pacífico elapsed time: 81.177286 seconds (0d 0h 1m 21s)

---------------  T H R E A D  ---------------

Current thread (0x00000246040bed50):  JavaThread "C2 CompilerThread0" daemon [_thread_in_native, id=11676, stack(0x000000f36c300000,0x000000f36c400000) (1024K)]


Current CompileTask:
C2:81177 21393 %     4       com.android.tools.r8.internal.wB::a @ 1905 (3928 bytes)

Stack: [0x000000f36c300000,0x000000f36c400000]
Native frames: (J=compiled Java code, j=interpreted, Vv=VM code, C=native code)
V  [jvm.dll+0x6d0639]
V  [jvm.dll+0x85eb03]
V  [jvm.dll+0x86105e]
V  [jvm.dll+0x861743]
V  [jvm.dll+0x27e6e6]
V  [jvm.dll+0xbff6d]
V  [jvm.dll+0xc04a3]
V  [jvm.dll+0x2f2780]
V  [jvm.dll+0x5fa409]
V  [jvm.dll+0x250d92]
V  [jvm.dll+0x25114f]
V  [jvm.dll+0x2498f5]
V  [jvm.dll+0x24714e]
V  [jvm.dll+0x1c5f04]
V  [jvm.dll+0x2569ac]
V  [jvm.dll+0x254ef6]
V  [jvm.dll+0x3f0e96]
V  [jvm.dll+0x806ed8]
V  [jvm.dll+0x6cef0d]
C  [ucrtbase.dll+0x21bb2]
C  [KERNEL32.DLL+0x17374]
C  [ntdll.dll+0x4cc91]


---------------  P R O C E S S  ---------------

Threads class SMR info:
_java_thread_list=0x000002460b5122d0, length=66, elements={
0x00000246652240e0, 0x00000246040cfa50, 0x00000246040d0760, 0x00000246040ecb90,
0x00000246040ed5e0, 0x00000246040d2b20, 0x00000246040d3570, 0x00000246040bed50,
0x00000246040f6990, 0x0000024604255830, 0x0000024604255ec0, 0x0000024604254b10,
0x0000024604256550, 0x0000024604257f90, 0x0000024604256be0, 0x0000024604257270,
0x0000024604257900, 0x0000024605efb160, 0x0000024605efb7f0, 0x0000024605ef9720,
0x0000024605ef8a00, 0x0000024605efbe80, 0x0000024605ef9090, 0x0000024605ef9db0,
0x0000024605efa440, 0x0000024605efaad0, 0x0000024609651e50, 0x00000246096517c0,
0x00000246096524e0, 0x0000024609650410, 0x0000024609651130, 0x000002460964f060,
0x000002460964fd80, 0x000002460936a120, 0x000002460936dc30, 0x000002460936e2c0,
0x000002460936a7b0, 0x0000024609369a90, 0x000002460936e950, 0x000002460936efe0,
0x0000024609368050, 0x00000246093686e0, 0x000002460936c880, 0x00000246062d26c0,
0x00000246062d4100, 0x00000246062d6ef0, 0x00000246062d33e0, 0x00000246062d2d50,
0x00000246062d6860, 0x000002460936b4d0, 0x000002460936d5a0, 0x000002460af2ea80,
0x000002460af33fd0, 0x000002460af2dd60, 0x0000024609a90100, 0x0000024609a94930,
0x0000024609a942a0, 0x000002460941a2d0, 0x0000024609416130, 0x00000246094174e0,
0x0000024609a90790, 0x0000024609a92ef0, 0x0000024609a93c10, 0x0000024609a914b0,
0x000002460b5adba0, 0x000002460b5ae940
}

Java Threads: ( => current thread )
  0x00000246652240e0 JavaThread "main"                              [_thread_blocked, id=8224, stack(0x000000f36b500000,0x000000f36b600000) (1024K)]
  0x00000246040cfa50 JavaThread "Reference Handler"          daemon [_thread_blocked, id=15736, stack(0x000000f36bd00000,0x000000f36be00000) (1024K)]
  0x00000246040d0760 JavaThread "Finalizer"                  daemon [_thread_blocked, id=14984, stack(0x000000f36be00000,0x000000f36bf00000) (1024K)]
  0x00000246040ecb90 JavaThread "Signal Dispatcher"          daemon [_thread_blocked, id=14032, stack(0x000000f36bf00000,0x000000f36c000000) (1024K)]
  0x00000246040ed5e0 JavaThread "Attach Listener"            daemon [_thread_blocked, id=15528, stack(0x000000f36c000000,0x000000f36c100000) (1024K)]
  0x00000246040d2b20 JavaThread "Service Thread"             daemon [_thread_blocked, id=8732, stack(0x000000f36c100000,0x000000f36c200000) (1024K)]
  0x00000246040d3570 JavaThread "Monitor Deflation Thread"   daemon [_thread_blocked, id=1420, stack(0x000000f36c200000,0x000000f36c300000) (1024K)]
=>0x00000246040bed50 JavaThread "C2 CompilerThread0"         daemon [_thread_in_native, id=11676, stack(0x000000f36c300000,0x000000f36c400000) (1024K)]
  0x00000246040f6990 JavaThread "C1 CompilerThread0"         daemon [_thread_blocked, id=15372, stack(0x000000f36c400000,0x000000f36c500000) (1024K)]
  0x0000024604255830 JavaThread "Common-Cleaner"             daemon [_thread_blocked, id=14300, stack(0x000000f36c500000,0x000000f36c600000) (1024K)]
  0x0000024604255ec0 JavaThread "Notification Thread"        daemon [_thread_blocked, id=11308, stack(0x000000f36c600000,0x000000f36c700000) (1024K)]
  0x0000024604254b10 JavaThread "Daemon health stats"               [_thread_blocked, id=16048, stack(0x000000f36cf00000,0x000000f36d000000) (1024K)]
  0x0000024604256550 JavaThread "Incoming local TCP Connector on port 56097"        [_thread_in_native, id=16332, stack(0x000000f36d000000,0x000000f36d100000) (1024K)]
  0x0000024604257f90 JavaThread "Daemon periodic checks"            [_thread_blocked, id=10764, stack(0x000000f36d100000,0x000000f36d200000) (1024K)]
  0x0000024604256be0 JavaThread "Daemon"                            [_thread_blocked, id=7224, stack(0x000000f36d200000,0x000000f36d300000) (1024K)]
  0x0000024604257270 JavaThread "Handler for socket connection from /127.0.0.1:56097 to /127.0.0.1:56098"        [_thread_in_native, id=13532, stack(0x000000f36d300000,0x000000f36d400000) (1024K)]
  0x0000024604257900 JavaThread "Cancel handler"                    [_thread_blocked, id=2680, stack(0x000000f36d400000,0x000000f36d500000) (1024K)]
  0x0000024605efb160 JavaThread "Daemon worker"                     [_thread_blocked, id=2892, stack(0x000000f36d500000,0x000000f36d600000) (1024K)]
  0x0000024605efb7f0 JavaThread "Asynchronous log dispatcher for DefaultDaemonConnection: socket connection from /127.0.0.1:56097 to /127.0.0.1:56098"        [_thread_blocked, id=16292, stack(0x000000f36d600000,0x000000f36d700000) (1024K)]
  0x0000024605ef9720 JavaThread "Stdin handler"                     [_thread_blocked, id=2940, stack(0x000000f36d700000,0x000000f36d800000) (1024K)]
  0x0000024605ef8a00 JavaThread "Daemon client event forwarder"        [_thread_blocked, id=12108, stack(0x000000f36d800000,0x000000f36d900000) (1024K)]
  0x0000024605efbe80 JavaThread "Cache worker for journal cache (C:\Users\Ariel\.gradle\caches\journal-1)"        [_thread_blocked, id=2160, stack(0x000000f36c700000,0x000000f36c800000) (1024K)]
  0x0000024605ef9090 JavaThread "File lock request listener"        [_thread_in_native, id=3940, stack(0x000000f36da00000,0x000000f36db00000) (1024K)]
  0x0000024605ef9db0 JavaThread "Cache worker for file hash cache (C:\Users\Ariel\.gradle\caches\8.13\fileHashes)"        [_thread_blocked, id=14972, stack(0x000000f36db00000,0x000000f36dc00000) (1024K)]
  0x0000024605efa440 JavaThread "Cache worker for file hash cache (C:\Users\Ariel\Documents\Android cosas\Equipos_Sesion_database\.gradle\8.13\fileHashes)"        [_thread_blocked, id=8364, stack(0x000000f36de00000,0x000000f36df00000) (1024K)]
  0x0000024605efaad0 JavaThread "Cache worker for Build Output Cleanup Cache (C:\Users\Ariel\Documents\Android cosas\Equipos_Sesion_database\.gradle\buildOutputCleanup)"        [_thread_blocked, id=14540, stack(0x000000f36df00000,0x000000f36e000000) (1024K)]
  0x0000024609651e50 JavaThread "File watcher server"        daemon [_thread_in_native, id=11496, stack(0x000000f36e000000,0x000000f36e100000) (1024K)]
  0x00000246096517c0 JavaThread "File watcher consumer"      daemon [_thread_blocked, id=6732, stack(0x000000f36e100000,0x000000f36e200000) (1024K)]
  0x00000246096524e0 JavaThread "jar transforms"                    [_thread_blocked, id=15424, stack(0x000000f36e200000,0x000000f36e300000) (1024K)]
  0x0000024609650410 JavaThread "jar transforms Thread 2"           [_thread_blocked, id=14740, stack(0x000000f36e300000,0x000000f36e400000) (1024K)]
  0x0000024609651130 JavaThread "Cache worker for checksums cache (C:\Users\Ariel\Documents\Android cosas\Equipos_Sesion_database\.gradle\8.13\checksums)"        [_thread_blocked, id=11316, stack(0x000000f36e400000,0x000000f36e500000) (1024K)]
  0x000002460964f060 JavaThread "Cache worker for file content cache (C:\Users\Ariel\.gradle\caches\8.13\fileContent)"        [_thread_blocked, id=16068, stack(0x000000f36e500000,0x000000f36e600000) (1024K)]
  0x000002460964fd80 JavaThread "jar transforms Thread 3"           [_thread_blocked, id=1784, stack(0x000000f36e600000,0x000000f36e700000) (1024K)]
  0x000002460936a120 JavaThread "Cache worker for cache directory md-supplier (C:\Users\Ariel\.gradle\caches\8.13\md-supplier)"        [_thread_blocked, id=11368, stack(0x000000f36e700000,0x000000f36e800000) (1024K)]
  0x000002460936dc30 JavaThread "Cache worker for cache directory md-rule (C:\Users\Ariel\.gradle\caches\8.13\md-rule)"        [_thread_blocked, id=15256, stack(0x000000f36e800000,0x000000f36e900000) (1024K)]
  0x000002460936e2c0 JavaThread "Unconstrained build operations"        [_thread_blocked, id=10508, stack(0x000000f36e900000,0x000000f36ea00000) (1024K)]
  0x000002460936a7b0 JavaThread "Unconstrained build operations Thread 2"        [_thread_blocked, id=7980, stack(0x000000f36ea00000,0x000000f36eb00000) (1024K)]
  0x0000024609369a90 JavaThread "jar transforms Thread 4"           [_thread_blocked, id=6428, stack(0x000000f36eb00000,0x000000f36ec00000) (1024K)]
  0x000002460936e950 JavaThread "jar transforms Thread 5"           [_thread_blocked, id=15452, stack(0x000000f36ec00000,0x000000f36ed00000) (1024K)]
  0x000002460936efe0 JavaThread "Unconstrained build operations Thread 3"        [_thread_blocked, id=9388, stack(0x000000f36ed00000,0x000000f36ee00000) (1024K)]
  0x0000024609368050 JavaThread "jar transforms Thread 6"           [_thread_blocked, id=4648, stack(0x000000f36ee00000,0x000000f36ef00000) (1024K)]
  0x00000246093686e0 JavaThread "jar transforms Thread 7"           [_thread_blocked, id=16300, stack(0x000000f36ef00000,0x000000f36f000000) (1024K)]
  0x000002460936c880 JavaThread "jar transforms Thread 8"           [_thread_blocked, id=11744, stack(0x000000f36f000000,0x000000f36f100000) (1024K)]
  0x00000246062d26c0 JavaThread "Unconstrained build operations Thread 4"        [_thread_blocked, id=14156, stack(0x000000f36dd00000,0x000000f36de00000) (1024K)]
  0x00000246062d4100 JavaThread "Unconstrained build operations Thread 5"        [_thread_blocked, id=15964, stack(0x000000f36f100000,0x000000f36f200000) (1024K)]
  0x00000246062d6ef0 JavaThread "Unconstrained build operations Thread 6"        [_thread_blocked, id=10484, stack(0x000000f36f200000,0x000000f36f300000) (1024K)]
  0x00000246062d33e0 JavaThread "build event listener"              [_thread_blocked, id=2672, stack(0x000000f36f300000,0x000000f36f400000) (1024K)]
  0x00000246062d2d50 JavaThread "Memory manager"                    [_thread_blocked, id=12432, stack(0x000000f36f400000,0x000000f36f500000) (1024K)]
  0x00000246062d6860 JavaThread "build event listener"              [_thread_blocked, id=13156, stack(0x000000f36f500000,0x000000f36f600000) (1024K)]
  0x000002460936b4d0 JavaThread "pool-3-thread-1"                   [_thread_blocked, id=15604, stack(0x000000f36f700000,0x000000f36f800000) (1024K)]
  0x000002460936d5a0 JavaThread "build event listener"              [_thread_blocked, id=10920, stack(0x000000f36f800000,0x000000f36f900000) (1024K)]
  0x000002460af2ea80 JavaThread "included builds"                   [_thread_blocked, id=14468, stack(0x000000f36f900000,0x000000f36fa00000) (1024K)]
  0x000002460af33fd0 JavaThread "Cache worker for execution history cache (C:\Users\Ariel\Documents\Android cosas\Equipos_Sesion_database\.gradle\8.13\executionHistory)"        [_thread_blocked, id=12928, stack(0x000000f36fa00000,0x000000f36fb00000) (1024K)]
  0x000002460af2dd60 JavaThread "Unconstrained build operations Thread 7"        [_thread_blocked, id=3904, stack(0x000000f36fb00000,0x000000f36fc00000) (1024K)]
  0x0000024609a90100 JavaThread "Unconstrained build operations Thread 8"        [_thread_blocked, id=10024, stack(0x000000f36f600000,0x000000f36f700000) (1024K)]
  0x0000024609a94930 JavaThread "Unconstrained build operations Thread 9"        [_thread_blocked, id=5228, stack(0x000000f36fc00000,0x000000f36fd00000) (1024K)]
  0x0000024609a942a0 JavaThread "Unconstrained build operations Thread 10"        [_thread_blocked, id=11932, stack(0x000000f36fd00000,0x000000f36fe00000) (1024K)]
  0x000002460941a2d0 JavaThread "WorkerExecutor Queue"              [_thread_in_Java, id=15556, stack(0x000000f36fe00000,0x000000f36ff00000) (1024K)]
  0x0000024609416130 JavaThread "RMI Scheduler(0)"           daemon [_thread_blocked, id=2904, stack(0x000000f36dc00000,0x000000f36dd00000) (1024K)]
  0x00000246094174e0 JavaThread "RMI GC Daemon"              daemon [_thread_blocked, id=2144, stack(0x000000f370000000,0x000000f370100000) (1024K)]
  0x0000024609a90790 JavaThread "RMI TCP Accept-0"           daemon [_thread_in_native, id=9648, stack(0x000000f370100000,0x000000f370200000) (1024K)]
  0x0000024609a92ef0 JavaThread "RMI Reaper"                        [_thread_blocked, id=4160, stack(0x000000f370200000,0x000000f370300000) (1024K)]
  0x0000024609a93c10 JavaThread "RMI TCP Connection(2)-127.0.0.1" daemon [_thread_in_native, id=6420, stack(0x000000f370300000,0x000000f370400000) (1024K)]
  0x0000024609a914b0 JavaThread "WorkerExecutor Queue Thread 2"        [_thread_blocked, id=9592, stack(0x000000f36b300000,0x000000f36b400000) (1024K)]
  0x000002460b5adba0 JavaThread "C2 CompilerThread1"         daemon [_thread_in_native, id=6748, stack(0x000000f36b200000,0x000000f36b300000) (1024K)]
  0x000002460b5ae940 JavaThread "C2 CompilerThread2"         daemon [_thread_in_native, id=10540, stack(0x000000f36b400000,0x000000f36b500000) (1024K)]
Total: 66

Other Threads:
  0x000002467b5147a0 VMThread "VM Thread"                           [id=7312, stack(0x000000f36bc00000,0x000000f36bd00000) (1024K)]
  0x000002467b5012f0 WatcherThread "VM Periodic Task Thread"        [id=9860, stack(0x000000f36bb00000,0x000000f36bc00000) (1024K)]
  0x000002466525e820 WorkerThread "GC Thread#0"                     [id=12024, stack(0x000000f36b600000,0x000000f36b700000) (1024K)]
  0x0000024604578430 WorkerThread "GC Thread#1"                     [id=7052, stack(0x000000f36c900000,0x000000f36ca00000) (1024K)]
  0x00000246048a5690 WorkerThread "GC Thread#2"                     [id=15860, stack(0x000000f36ca00000,0x000000f36cb00000) (1024K)]
  0x0000024604886dd0 WorkerThread "GC Thread#3"                     [id=16340, stack(0x000000f36cb00000,0x000000f36cc00000) (1024K)]
  0x0000024604887170 WorkerThread "GC Thread#4"                     [id=13832, stack(0x000000f36cc00000,0x000000f36cd00000) (1024K)]
  0x0000024605d027d0 WorkerThread "GC Thread#5"                     [id=2972, stack(0x000000f36c800000,0x000000f36c900000) (1024K)]
  0x0000024605c3fb80 WorkerThread "GC Thread#6"                     [id=1152, stack(0x000000f36cd00000,0x000000f36ce00000) (1024K)]
  0x0000024604f16fe0 WorkerThread "GC Thread#7"                     [id=14752, stack(0x000000f36ce00000,0x000000f36cf00000) (1024K)]
  0x0000024665266800 ConcurrentGCThread "G1 Main Marker"            [id=10152, stack(0x000000f36b700000,0x000000f36b800000) (1024K)]
  0x0000024665267470 WorkerThread "G1 Conc#0"                       [id=10708, stack(0x000000f36b800000,0x000000f36b900000) (1024K)]
  0x0000024605e0ec90 WorkerThread "G1 Conc#1"                       [id=6452, stack(0x000000f36d900000,0x000000f36da00000) (1024K)]
  0x00000246652de8f0 ConcurrentGCThread "G1 Refine#0"               [id=15284, stack(0x000000f36b900000,0x000000f36ba00000) (1024K)]
  0x000002467b3d4760 ConcurrentGCThread "G1 Service"                [id=15704, stack(0x000000f36ba00000,0x000000f36bb00000) (1024K)]
Total: 15

Threads with active compile tasks:
C2 CompilerThread0  81273 21393 %     4       com.android.tools.r8.internal.wB::a @ 1905 (3928 bytes)
C2 CompilerThread1  81273 21442 %     4       com.android.tools.r8.internal.rT::a @ 1229 (3042 bytes)
C2 CompilerThread2  81273 21422       4       com.android.tools.r8.ir.optimize.z::a (563 bytes)
Total: 3

VM state: not at safepoint (normal execution)

VM Mutex/Monitor currently owned by a thread: None

Heap address: 0x00000000c0000000, size: 1024 MB, Compressed Oops mode: 32-bit

CDS archive(s) not mapped
Compressed class space mapped at: 0x0000000100000000-0x000000010d000000, reserved size: 218103808
Narrow klass base: 0x0000000000000000, Narrow klass shift: 3, Narrow klass range: 0x10d000000

GC Precious Log:
 CardTable entry size: 512
 Card Set container configuration: InlinePtr #cards 5 size 8 Array Of Cards #cards 12 size 40 Howl #buckets 4 coarsen threshold 1843 Howl Bitmap #cards 512 size 80 coarsen threshold 460 Card regions per heap region 1 cards per card region 2048
 CPUs: 8 total, 8 available
 Memory: 15294M
 Large Page Support: Disabled
 NUMA Support: Disabled
 Compressed Oops: Enabled (32-bit)
 Heap Region Size: 1M
 Heap Min Capacity: 8M
 Heap Initial Capacity: 240M
 Heap Max Capacity: 1G
 Pre-touch: Disabled
 Parallel Workers: 8
 Concurrent Workers: 2
 Concurrent Refinement Workers: 8
 Periodic GC: Disabled

Heap:
 garbage-first heap   total 311296K, used 239130K [0x00000000c0000000, 0x0000000100000000)
  region size 1024K, 72 young (73728K), 8 survivors (8192K)
 Metaspace       used 148017K, committed 150592K, reserved 344064K
  class space    used 19813K, committed 21120K, reserved 212992K

Heap Regions: E=young(eden), S=young(survivor), O=old, HS=humongous(starts), HC=humongous(continues), CS=collection set, F=free, TAMS=top-at-mark-start, PB=parsable bottom
|   0|0x00000000c0000000, 0x00000000c0100000, 0x00000000c0100000|100%|HS|  |TAMS 0x00000000c0000000| PB 0x00000000c0000000| Complete 
|   1|0x00000000c0100000, 0x00000000c0200000, 0x00000000c0200000|100%|HC|  |TAMS 0x00000000c0100000| PB 0x00000000c0100000| Complete 
|   2|0x00000000c0200000, 0x00000000c0300000, 0x00000000c0300000|100%|HC|  |TAMS 0x00000000c0200000| PB 0x00000000c0200000| Complete 
|   3|0x00000000c0300000, 0x00000000c0400000, 0x00000000c0400000|100%| O|  |TAMS 0x00000000c0300000| PB 0x00000000c0300000| Untracked 
|   4|0x00000000c0400000, 0x00000000c0500000, 0x00000000c0500000|100%| O|  |TAMS 0x00000000c0400000| PB 0x00000000c0400000| Untracked 
|   5|0x00000000c0500000, 0x00000000c0600000, 0x00000000c0600000|100%| O|  |TAMS 0x00000000c0500000| PB 0x00000000c0500000| Untracked 
|   6|0x00000000c0600000, 0x00000000c0700000, 0x00000000c0700000|100%|HS|  |TAMS 0x00000000c0600000| PB 0x00000000c0600000| Complete 
|   7|0x00000000c0700000, 0x00000000c0800000, 0x00000000c0800000|100%| O|  |TAMS 0x00000000c0700000| PB 0x00000000c0700000| Untracked 
|   8|0x00000000c0800000, 0x00000000c0900000, 0x00000000c0900000|100%| O|  |TAMS 0x00000000c0800000| PB 0x00000000c0800000| Untracked 
|   9|0x00000000c0900000, 0x00000000c0a00000, 0x00000000c0a00000|100%| O|  |TAMS 0x00000000c0900000| PB 0x00000000c0900000| Untracked 
|  10|0x00000000c0a00000, 0x00000000c0b00000, 0x00000000c0b00000|100%| O|  |TAMS 0x00000000c0a00000| PB 0x00000000c0a00000| Untracked 
|  11|0x00000000c0b00000, 0x00000000c0c00000, 0x00000000c0c00000|100%| O|  |TAMS 0x00000000c0b00000| PB 0x00000000c0b00000| Untracked 
|  12|0x00000000c0c00000, 0x00000000c0d00000, 0x00000000c0d00000|100%| O|  |TAMS 0x00000000c0c00000| PB 0x00000000c0c00000| Untracked 
|  13|0x00000000c0d00000, 0x00000000c0e00000, 0x00000000c0e00000|100%| O|  |TAMS 0x00000000c0d00000| PB 0x00000000c0d00000| Untracked 
|  14|0x00000000c0e00000, 0x00000000c0f00000, 0x00000000c0f00000|100%| O|  |TAMS 0x00000000c0e00000| PB 0x00000000c0e00000| Untracked 
|  15|0x00000000c0f00000, 0x00000000c1000000, 0x00000000c1000000|100%| O|  |TAMS 0x00000000c0f00000| PB 0x00000000c0f00000| Untracked 
|  16|0x00000000c1000000, 0x00000000c1100000, 0x00000000c1100000|100%| O|  |TAMS 0x00000000c1000000| PB 0x00000000c1000000| Untracked 
|  17|0x00000000c1100000, 0x00000000c1200000, 0x00000000c1200000|100%| O|  |TAMS 0x00000000c1100000| PB 0x00000000c1100000| Untracked 
|  18|0x00000000c1200000, 0x00000000c1300000, 0x00000000c1300000|100%| O|  |TAMS 0x00000000c1200000| PB 0x00000000c1200000| Untracked 
|  19|0x00000000c1300000, 0x00000000c1400000, 0x00000000c1400000|100%| O|  |TAMS 0x00000000c1300000| PB 0x00000000c1300000| Untracked 
|  20|0x00000000c1400000, 0x00000000c1500000, 0x00000000c1500000|100%| O|  |TAMS 0x00000000c1400000| PB 0x00000000c1400000| Untracked 
|  21|0x00000000c1500000, 0x00000000c1600000, 0x00000000c1600000|100%| O|  |TAMS 0x00000000c1500000| PB 0x00000000c1500000| Untracked 
|  22|0x00000000c1600000, 0x00000000c1700000, 0x00000000c1700000|100%| O|  |TAMS 0x00000000c1600000| PB 0x00000000c1600000| Untracked 
|  23|0x00000000c1700000, 0x00000000c1800000, 0x00000000c1800000|100%| O|  |TAMS 0x00000000c1700000| PB 0x00000000c1700000| Untracked 
|  24|0x00000000c1800000, 0x00000000c1900000, 0x00000000c1900000|100%| O|  |TAMS 0x00000000c1800000| PB 0x00000000c1800000| Untracked 
|  25|0x00000000c1900000, 0x00000000c1a00000, 0x00000000c1a00000|100%| O|  |TAMS 0x00000000c1900000| PB 0x00000000c1900000| Untracked 
|  26|0x00000000c1a00000, 0x00000000c1b00000, 0x00000000c1b00000|100%| O|  |TAMS 0x00000000c1a00000| PB 0x00000000c1a00000| Untracked 
|  27|0x00000000c1b00000, 0x00000000c1c00000, 0x00000000c1c00000|100%| O|  |TAMS 0x00000000c1b00000| PB 0x00000000c1b00000| Untracked 
|  28|0x00000000c1c00000, 0x00000000c1d00000, 0x00000000c1d00000|100%| O|  |TAMS 0x00000000c1c00000| PB 0x00000000c1c00000| Untracked 
|  29|0x00000000c1d00000, 0x00000000c1e00000, 0x00000000c1e00000|100%| O|  |TAMS 0x00000000c1d00000| PB 0x00000000c1d00000| Untracked 
|  30|0x00000000c1e00000, 0x00000000c1f00000, 0x00000000c1f00000|100%| O|  |TAMS 0x00000000c1e00000| PB 0x00000000c1e00000| Untracked 
|  31|0x00000000c1f00000, 0x00000000c2000000, 0x00000000c2000000|100%| O|  |TAMS 0x00000000c1f00000| PB 0x00000000c1f00000| Untracked 
|  32|0x00000000c2000000, 0x00000000c2100000, 0x00000000c2100000|100%| O|  |TAMS 0x00000000c2000000| PB 0x00000000c2000000| Untracked 
|  33|0x00000000c2100000, 0x00000000c2200000, 0x00000000c2200000|100%| O|  |TAMS 0x00000000c2100000| PB 0x00000000c2100000| Untracked 
|  34|0x00000000c2200000, 0x00000000c2300000, 0x00000000c2300000|100%| O|  |TAMS 0x00000000c2200000| PB 0x00000000c2200000| Untracked 
|  35|0x00000000c2300000, 0x00000000c2400000, 0x00000000c2400000|100%| O|  |TAMS 0x00000000c2300000| PB 0x00000000c2300000| Untracked 
|  36|0x00000000c2400000, 0x00000000c2500000, 0x00000000c2500000|100%| O|  |TAMS 0x00000000c2400000| PB 0x00000000c2400000| Untracked 
|  37|0x00000000c2500000, 0x00000000c2600000, 0x00000000c2600000|100%| O|  |TAMS 0x00000000c2500000| PB 0x00000000c2500000| Untracked 
|  38|0x00000000c2600000, 0x00000000c2700000, 0x00000000c2700000|100%| O|  |TAMS 0x00000000c2600000| PB 0x00000000c2600000| Untracked 
|  39|0x00000000c2700000, 0x00000000c2800000, 0x00000000c2800000|100%| O|  |TAMS 0x00000000c2700000| PB 0x00000000c2700000| Untracked 
|  40|0x00000000c2800000, 0x00000000c2900000, 0x00000000c2900000|100%| O|  |TAMS 0x00000000c2800000| PB 0x00000000c2800000| Untracked 
|  41|0x00000000c2900000, 0x00000000c2a00000, 0x00000000c2a00000|100%| O|  |TAMS 0x00000000c2900000| PB 0x00000000c2900000| Untracked 
|  42|0x00000000c2a00000, 0x00000000c2b00000, 0x00000000c2b00000|100%| O|  |TAMS 0x00000000c2a00000| PB 0x00000000c2a00000| Untracked 
|  43|0x00000000c2b00000, 0x00000000c2c00000, 0x00000000c2c00000|100%| O|  |TAMS 0x00000000c2b00000| PB 0x00000000c2b00000| Untracked 
|  44|0x00000000c2c00000, 0x00000000c2d00000, 0x00000000c2d00000|100%| O|  |TAMS 0x00000000c2c00000| PB 0x00000000c2c00000| Untracked 
|  45|0x00000000c2d00000, 0x00000000c2e00000, 0x00000000c2e00000|100%| O|  |TAMS 0x00000000c2d00000| PB 0x00000000c2d00000| Untracked 
|  46|0x00000000c2e00000, 0x00000000c2f00000, 0x00000000c2f00000|100%| O|  |TAMS 0x00000000c2e00000| PB 0x00000000c2e00000| Untracked 
|  47|0x00000000c2f00000, 0x00000000c3000000, 0x00000000c3000000|100%| O|  |TAMS 0x00000000c2f00000| PB 0x00000000c2f00000| Untracked 
|  48|0x00000000c3000000, 0x00000000c3100000, 0x00000000c3100000|100%| O|  |TAMS 0x00000000c3000000| PB 0x00000000c3000000| Untracked 
|  49|0x00000000c3100000, 0x00000000c3200000, 0x00000000c3200000|100%| O|  |TAMS 0x00000000c3100000| PB 0x00000000c3100000| Untracked 
|  50|0x00000000c3200000, 0x00000000c3300000, 0x00000000c3300000|100%| O|  |TAMS 0x00000000c3200000| PB 0x00000000c3200000| Untracked 
|  51|0x00000000c3300000, 0x00000000c3400000, 0x00000000c3400000|100%| O|  |TAMS 0x00000000c3300000| PB 0x00000000c3300000| Untracked 
|  52|0x00000000c3400000, 0x00000000c3500000, 0x00000000c3500000|100%| O|  |TAMS 0x00000000c3400000| PB 0x00000000c3400000| Untracked 
|  53|0x00000000c3500000, 0x00000000c3600000, 0x00000000c3600000|100%|HS|  |TAMS 0x00000000c3500000| PB 0x00000000c3500000| Complete 
|  54|0x00000000c3600000, 0x00000000c3700000, 0x00000000c3700000|100%|HS|  |TAMS 0x00000000c3600000| PB 0x00000000c3600000| Complete 
|  55|0x00000000c3700000, 0x00000000c3800000, 0x00000000c3800000|100%|HS|  |TAMS 0x00000000c3700000| PB 0x00000000c3700000| Complete 
|  56|0x00000000c3800000, 0x00000000c3900000, 0x00000000c3900000|100%|HC|  |TAMS 0x00000000c3800000| PB 0x00000000c3800000| Complete 
|  57|0x00000000c3900000, 0x00000000c3a00000, 0x00000000c3a00000|100%|HS|  |TAMS 0x00000000c3900000| PB 0x00000000c3900000| Complete 
|  58|0x00000000c3a00000, 0x00000000c3b00000, 0x00000000c3b00000|100%|HC|  |TAMS 0x00000000c3a00000| PB 0x00000000c3a00000| Complete 
|  59|0x00000000c3b00000, 0x00000000c3c00000, 0x00000000c3c00000|100%|HS|  |TAMS 0x00000000c3b00000| PB 0x00000000c3b00000| Complete 
|  60|0x00000000c3c00000, 0x00000000c3d00000, 0x00000000c3d00000|100%|HC|  |TAMS 0x00000000c3c00000| PB 0x00000000c3c00000| Complete 
|  61|0x00000000c3d00000, 0x00000000c3e00000, 0x00000000c3e00000|100%|HC|  |TAMS 0x00000000c3d00000| PB 0x00000000c3d00000| Complete 
|  62|0x00000000c3e00000, 0x00000000c3f00000, 0x00000000c3f00000|100%|HS|  |TAMS 0x00000000c3e00000| PB 0x00000000c3e00000| Complete 
|  63|0x00000000c3f00000, 0x00000000c4000000, 0x00000000c4000000|100%|HS|  |TAMS 0x00000000c3f00000| PB 0x00000000c3f00000| Complete 
|  64|0x00000000c4000000, 0x00000000c4100000, 0x00000000c4100000|100%| O|  |TAMS 0x00000000c4000000| PB 0x00000000c4000000| Untracked 
|  65|0x00000000c4100000, 0x00000000c4200000, 0x00000000c4200000|100%|HS|  |TAMS 0x00000000c4100000| PB 0x00000000c4100000| Complete 
|  66|0x00000000c4200000, 0x00000000c4300000, 0x00000000c4300000|100%|HS|  |TAMS 0x00000000c4200000| PB 0x00000000c4200000| Complete 
|  67|0x00000000c4300000, 0x00000000c4400000, 0x00000000c4400000|100%| O|  |TAMS 0x00000000c4300000| PB 0x00000000c4300000| Untracked 
|  68|0x00000000c4400000, 0x00000000c4500000, 0x00000000c4500000|100%| O|  |TAMS 0x00000000c4400000| PB 0x00000000c4400000| Untracked 
|  69|0x00000000c4500000, 0x00000000c4600000, 0x00000000c4600000|100%| O|  |TAMS 0x00000000c4500000| PB 0x00000000c4500000| Untracked 
|  70|0x00000000c4600000, 0x00000000c4700000, 0x00000000c4700000|100%| O|  |TAMS 0x00000000c4600000| PB 0x00000000c4600000| Untracked 
|  71|0x00000000c4700000, 0x00000000c4800000, 0x00000000c4800000|100%| O|  |TAMS 0x00000000c4700000| PB 0x00000000c4700000| Untracked 
|  72|0x00000000c4800000, 0x00000000c4900000, 0x00000000c4900000|100%| O|  |TAMS 0x00000000c4800000| PB 0x00000000c4800000| Untracked 
|  73|0x00000000c4900000, 0x00000000c4a00000, 0x00000000c4a00000|100%| O|  |TAMS 0x00000000c4900000| PB 0x00000000c4900000| Untracked 
|  74|0x00000000c4a00000, 0x00000000c4b00000, 0x00000000c4b00000|100%| O|  |TAMS 0x00000000c4a00000| PB 0x00000000c4a00000| Untracked 
|  75|0x00000000c4b00000, 0x00000000c4c00000, 0x00000000c4c00000|100%| O|  |TAMS 0x00000000c4b00000| PB 0x00000000c4b00000| Untracked 
|  76|0x00000000c4c00000, 0x00000000c4d00000, 0x00000000c4d00000|100%| O|  |TAMS 0x00000000c4c00000| PB 0x00000000c4c00000| Untracked 
|  77|0x00000000c4d00000, 0x00000000c4e00000, 0x00000000c4e00000|100%| O|  |TAMS 0x00000000c4d00000| PB 0x00000000c4d00000| Untracked 
|  78|0x00000000c4e00000, 0x00000000c4f00000, 0x00000000c4f00000|100%| O|  |TAMS 0x00000000c4e00000| PB 0x00000000c4e00000| Untracked 
|  79|0x00000000c4f00000, 0x00000000c5000000, 0x00000000c5000000|100%| O|  |TAMS 0x00000000c4f00000| PB 0x00000000c4f00000| Untracked 
|  80|0x00000000c5000000, 0x00000000c5100000, 0x00000000c5100000|100%| O|  |TAMS 0x00000000c5000000| PB 0x00000000c5000000| Untracked 
|  81|0x00000000c5100000, 0x00000000c5200000, 0x00000000c5200000|100%| O|  |TAMS 0x00000000c5100000| PB 0x00000000c5100000| Untracked 
|  82|0x00000000c5200000, 0x00000000c5300000, 0x00000000c5300000|100%| O|  |TAMS 0x00000000c5200000| PB 0x00000000c5200000| Untracked 
|  83|0x00000000c5300000, 0x00000000c5400000, 0x00000000c5400000|100%| O|  |TAMS 0x00000000c5300000| PB 0x00000000c5300000| Untracked 
|  84|0x00000000c5400000, 0x00000000c5500000, 0x00000000c5500000|100%|HS|  |TAMS 0x00000000c5400000| PB 0x00000000c5400000| Complete 
|  85|0x00000000c5500000, 0x00000000c5600000, 0x00000000c5600000|100%|HS|  |TAMS 0x00000000c5500000| PB 0x00000000c5500000| Complete 
|  86|0x00000000c5600000, 0x00000000c5700000, 0x00000000c5700000|100%|HC|  |TAMS 0x00000000c5600000| PB 0x00000000c5600000| Complete 
|  87|0x00000000c5700000, 0x00000000c5800000, 0x00000000c5800000|100%|HC|  |TAMS 0x00000000c5700000| PB 0x00000000c5700000| Complete 
|  88|0x00000000c5800000, 0x00000000c5900000, 0x00000000c5900000|100%| O|  |TAMS 0x00000000c5800000| PB 0x00000000c5800000| Untracked 
|  89|0x00000000c5900000, 0x00000000c5a00000, 0x00000000c5a00000|100%| O|  |TAMS 0x00000000c5900000| PB 0x00000000c5900000| Untracked 
|  90|0x00000000c5a00000, 0x00000000c5b00000, 0x00000000c5b00000|100%| O|  |TAMS 0x00000000c5a00000| PB 0x00000000c5a00000| Untracked 
|  91|0x00000000c5b00000, 0x00000000c5c00000, 0x00000000c5c00000|100%| O|  |TAMS 0x00000000c5b00000| PB 0x00000000c5b00000| Untracked 
|  92|0x00000000c5c00000, 0x00000000c5d00000, 0x00000000c5d00000|100%| O|  |TAMS 0x00000000c5c00000| PB 0x00000000c5c00000| Untracked 
|  93|0x00000000c5d00000, 0x00000000c5e00000, 0x00000000c5e00000|100%| O|  |TAMS 0x00000000c5d00000| PB 0x00000000c5d00000| Untracked 
|  94|0x00000000c5e00000, 0x00000000c5f00000, 0x00000000c5f00000|100%| O|  |TAMS 0x00000000c5e00000| PB 0x00000000c5e00000| Untracked 
|  95|0x00000000c5f00000, 0x00000000c6000000, 0x00000000c6000000|100%| O|  |TAMS 0x00000000c5f00000| PB 0x00000000c5f00000| Untracked 
|  96|0x00000000c6000000, 0x00000000c6100000, 0x00000000c6100000|100%| O|  |TAMS 0x00000000c6000000| PB 0x00000000c6000000| Untracked 
|  97|0x00000000c6100000, 0x00000000c6200000, 0x00000000c6200000|100%| O|  |TAMS 0x00000000c6100000| PB 0x00000000c6100000| Untracked 
|  98|0x00000000c6200000, 0x00000000c6300000, 0x00000000c6300000|100%| O|  |TAMS 0x00000000c6200000| PB 0x00000000c6200000| Untracked 
|  99|0x00000000c6300000, 0x00000000c6400000, 0x00000000c6400000|100%| O|  |TAMS 0x00000000c6300000| PB 0x00000000c6300000| Untracked 
| 100|0x00000000c6400000, 0x00000000c6500000, 0x00000000c6500000|100%| O|  |TAMS 0x00000000c6400000| PB 0x00000000c6400000| Untracked 
| 101|0x00000000c6500000, 0x00000000c6600000, 0x00000000c6600000|100%| O|  |TAMS 0x00000000c6500000| PB 0x00000000c6500000| Untracked 
| 102|0x00000000c6600000, 0x00000000c6700000, 0x00000000c6700000|100%| O|  |TAMS 0x00000000c6600000| PB 0x00000000c6600000| Untracked 
| 103|0x00000000c6700000, 0x00000000c6800000, 0x00000000c6800000|100%| O|  |TAMS 0x00000000c6700000| PB 0x00000000c6700000| Untracked 
| 104|0x00000000c6800000, 0x00000000c6900000, 0x00000000c6900000|100%| O|Cm|TAMS 0x00000000c6800000| PB 0x00000000c6800000| Complete 
| 105|0x00000000c6900000, 0x00000000c6a00000, 0x00000000c6a00000|100%| O|  |TAMS 0x00000000c6900000| PB 0x00000000c6900000| Untracked 
| 106|0x00000000c6a00000, 0x00000000c6b00000, 0x00000000c6b00000|100%| O|  |TAMS 0x00000000c6a00000| PB 0x00000000c6a00000| Untracked 
| 107|0x00000000c6b00000, 0x00000000c6c00000, 0x00000000c6c00000|100%| O|  |TAMS 0x00000000c6b00000| PB 0x00000000c6b00000| Untracked 
| 108|0x00000000c6c00000, 0x00000000c6d00000, 0x00000000c6d00000|100%| O|  |TAMS 0x00000000c6c00000| PB 0x00000000c6c00000| Untracked 
| 109|0x00000000c6d00000, 0x00000000c6e00000, 0x00000000c6e00000|100%| O|  |TAMS 0x00000000c6d00000| PB 0x00000000c6d00000| Untracked 
| 110|0x00000000c6e00000, 0x00000000c6f00000, 0x00000000c6f00000|100%| O|  |TAMS 0x00000000c6e00000| PB 0x00000000c6e00000| Untracked 
| 111|0x00000000c6f00000, 0x00000000c7000000, 0x00000000c7000000|100%| O|  |TAMS 0x00000000c6f00000| PB 0x00000000c6f00000| Untracked 
| 112|0x00000000c7000000, 0x00000000c7100000, 0x00000000c7100000|100%| O|  |TAMS 0x00000000c7000000| PB 0x00000000c7000000| Untracked 
| 113|0x00000000c7100000, 0x00000000c7200000, 0x00000000c7200000|100%| O|  |TAMS 0x00000000c7100000| PB 0x00000000c7100000| Untracked 
| 114|0x00000000c7200000, 0x00000000c7300000, 0x00000000c7300000|100%| O|  |TAMS 0x00000000c7200000| PB 0x00000000c7200000| Untracked 
| 115|0x00000000c7300000, 0x00000000c7400000, 0x00000000c7400000|100%| O|  |TAMS 0x00000000c7300000| PB 0x00000000c7300000| Untracked 
| 116|0x00000000c7400000, 0x00000000c7500000, 0x00000000c7500000|100%| O|  |TAMS 0x00000000c7400000| PB 0x00000000c7400000| Untracked 
| 117|0x00000000c7500000, 0x00000000c7600000, 0x00000000c7600000|100%| O|  |TAMS 0x00000000c7500000| PB 0x00000000c7500000| Untracked 
| 118|0x00000000c7600000, 0x00000000c7700000, 0x00000000c7700000|100%| O|  |TAMS 0x00000000c7600000| PB 0x00000000c7600000| Untracked 
| 119|0x00000000c7700000, 0x00000000c7800000, 0x00000000c7800000|100%| O|  |TAMS 0x00000000c7700000| PB 0x00000000c7700000| Untracked 
| 120|0x00000000c7800000, 0x00000000c7900000, 0x00000000c7900000|100%| O|  |TAMS 0x00000000c7800000| PB 0x00000000c7800000| Untracked 
| 121|0x00000000c7900000, 0x00000000c7a00000, 0x00000000c7a00000|100%| O|  |TAMS 0x00000000c7900000| PB 0x00000000c7900000| Untracked 
| 122|0x00000000c7a00000, 0x00000000c7b00000, 0x00000000c7b00000|100%| O|  |TAMS 0x00000000c7a00000| PB 0x00000000c7a00000| Untracked 
| 123|0x00000000c7b00000, 0x00000000c7c00000, 0x00000000c7c00000|100%| O|  |TAMS 0x00000000c7b00000| PB 0x00000000c7b00000| Untracked 
| 124|0x00000000c7c00000, 0x00000000c7c86880, 0x00000000c7d00000| 52%| O|  |TAMS 0x00000000c7c00000| PB 0x00000000c7c00000| Untracked 
| 125|0x00000000c7d00000, 0x00000000c7e00000, 0x00000000c7e00000|100%| O|  |TAMS 0x00000000c7d00000| PB 0x00000000c7d00000| Untracked 
| 126|0x00000000c7e00000, 0x00000000c7f00000, 0x00000000c7f00000|100%| O|Cm|TAMS 0x00000000c7e00000| PB 0x00000000c7e00000| Complete 
| 127|0x00000000c7f00000, 0x00000000c8000000, 0x00000000c8000000|100%| O|  |TAMS 0x00000000c7f00000| PB 0x00000000c7f00000| Untracked 
| 128|0x00000000c8000000, 0x00000000c8100000, 0x00000000c8100000|100%| O|  |TAMS 0x00000000c8000000| PB 0x00000000c8000000| Untracked 
| 129|0x00000000c8100000, 0x00000000c8200000, 0x00000000c8200000|100%| O|Cm|TAMS 0x00000000c8100000| PB 0x00000000c8100000| Complete 
| 130|0x00000000c8200000, 0x00000000c8300000, 0x00000000c8300000|100%| O|  |TAMS 0x00000000c8200000| PB 0x00000000c8200000| Untracked 
| 131|0x00000000c8300000, 0x00000000c8400000, 0x00000000c8400000|100%| O|  |TAMS 0x00000000c8300000| PB 0x00000000c8300000| Untracked 
| 132|0x00000000c8400000, 0x00000000c8500000, 0x00000000c8500000|100%| O|  |TAMS 0x00000000c8400000| PB 0x00000000c8400000| Untracked 
| 133|0x00000000c8500000, 0x00000000c8600000, 0x00000000c8600000|100%| O|  |TAMS 0x00000000c8500000| PB 0x00000000c8500000| Untracked 
| 134|0x00000000c8600000, 0x00000000c8700000, 0x00000000c8700000|100%| O|  |TAMS 0x00000000c8600000| PB 0x00000000c8600000| Untracked 
| 135|0x00000000c8700000, 0x00000000c8800000, 0x00000000c8800000|100%| O|  |TAMS 0x00000000c8700000| PB 0x00000000c8700000| Untracked 
| 136|0x00000000c8800000, 0x00000000c8900000, 0x00000000c8900000|100%| O|  |TAMS 0x00000000c8800000| PB 0x00000000c8800000| Untracked 
| 137|0x00000000c8900000, 0x00000000c8a00000, 0x00000000c8a00000|100%| O|  |TAMS 0x00000000c8900000| PB 0x00000000c8900000| Untracked 
| 138|0x00000000c8a00000, 0x00000000c8a00000, 0x00000000c8b00000|  0%| F|  |TAMS 0x00000000c8a00000| PB 0x00000000c8a00000| Untracked 
| 139|0x00000000c8b00000, 0x00000000c8c00000, 0x00000000c8c00000|100%| O|Cm|TAMS 0x00000000c8b00000| PB 0x00000000c8b00000| Complete 
| 140|0x00000000c8c00000, 0x00000000c8c00000, 0x00000000c8d00000|  0%| F|  |TAMS 0x00000000c8c00000| PB 0x00000000c8c00000| Untracked 
| 141|0x00000000c8d00000, 0x00000000c8d00000, 0x00000000c8e00000|  0%| F|  |TAMS 0x00000000c8d00000| PB 0x00000000c8d00000| Untracked 
| 142|0x00000000c8e00000, 0x00000000c8e00000, 0x00000000c8f00000|  0%| F|  |TAMS 0x00000000c8e00000| PB 0x00000000c8e00000| Untracked 
| 143|0x00000000c8f00000, 0x00000000c9000000, 0x00000000c9000000|100%| O|  |TAMS 0x00000000c8f00000| PB 0x00000000c8f00000| Untracked 
| 144|0x00000000c9000000, 0x00000000c9100000, 0x00000000c9100000|100%| O|  |TAMS 0x00000000c9000000| PB 0x00000000c9000000| Untracked 
| 145|0x00000000c9100000, 0x00000000c9200000, 0x00000000c9200000|100%| O|  |TAMS 0x00000000c9100000| PB 0x00000000c9100000| Untracked 
| 146|0x00000000c9200000, 0x00000000c9300000, 0x00000000c9300000|100%| O|  |TAMS 0x00000000c9200000| PB 0x00000000c9200000| Untracked 
| 147|0x00000000c9300000, 0x00000000c9400000, 0x00000000c9400000|100%| O|  |TAMS 0x00000000c9300000| PB 0x00000000c9300000| Untracked 
| 148|0x00000000c9400000, 0x00000000c9500000, 0x00000000c9500000|100%| O|Cm|TAMS 0x00000000c9400000| PB 0x00000000c9400000| Complete 
| 149|0x00000000c9500000, 0x00000000c9500000, 0x00000000c9600000|  0%| F|  |TAMS 0x00000000c9500000| PB 0x00000000c9500000| Untracked 
| 150|0x00000000c9600000, 0x00000000c9600000, 0x00000000c9700000|  0%| F|  |TAMS 0x00000000c9600000| PB 0x00000000c9600000| Untracked 
| 151|0x00000000c9700000, 0x00000000c9700000, 0x00000000c9800000|  0%| F|  |TAMS 0x00000000c9700000| PB 0x00000000c9700000| Untracked 
| 152|0x00000000c9800000, 0x00000000c9800000, 0x00000000c9900000|  0%| F|  |TAMS 0x00000000c9800000| PB 0x00000000c9800000| Untracked 
| 153|0x00000000c9900000, 0x00000000c9900000, 0x00000000c9a00000|  0%| F|  |TAMS 0x00000000c9900000| PB 0x00000000c9900000| Untracked 
| 154|0x00000000c9a00000, 0x00000000c9b00000, 0x00000000c9b00000|100%| O|  |TAMS 0x00000000c9a00000| PB 0x00000000c9a00000| Untracked 
| 155|0x00000000c9b00000, 0x00000000c9b00000, 0x00000000c9c00000|  0%| F|  |TAMS 0x00000000c9b00000| PB 0x00000000c9b00000| Untracked 
| 156|0x00000000c9c00000, 0x00000000c9c00000, 0x00000000c9d00000|  0%| F|  |TAMS 0x00000000c9c00000| PB 0x00000000c9c00000| Untracked 
| 157|0x00000000c9d00000, 0x00000000c9d00000, 0x00000000c9e00000|  0%| F|  |TAMS 0x00000000c9d00000| PB 0x00000000c9d00000| Untracked 
| 158|0x00000000c9e00000, 0x00000000c9e00000, 0x00000000c9f00000|  0%| F|  |TAMS 0x00000000c9e00000| PB 0x00000000c9e00000| Untracked 
| 159|0x00000000c9f00000, 0x00000000ca000000, 0x00000000ca000000|100%| O|  |TAMS 0x00000000c9f00000| PB 0x00000000c9f00000| Untracked 
| 160|0x00000000ca000000, 0x00000000ca100000, 0x00000000ca100000|100%| O|  |TAMS 0x00000000ca000000| PB 0x00000000ca000000| Untracked 
| 161|0x00000000ca100000, 0x00000000ca200000, 0x00000000ca200000|100%| O|  |TAMS 0x00000000ca100000| PB 0x00000000ca100000| Untracked 
| 162|0x00000000ca200000, 0x00000000ca300000, 0x00000000ca300000|100%| O|  |TAMS 0x00000000ca200000| PB 0x00000000ca200000| Untracked 
| 163|0x00000000ca300000, 0x00000000ca400000, 0x00000000ca400000|100%| O|Cm|TAMS 0x00000000ca300000| PB 0x00000000ca300000| Complete 
| 164|0x00000000ca400000, 0x00000000ca400000, 0x00000000ca500000|  0%| F|  |TAMS 0x00000000ca400000| PB 0x00000000ca400000| Untracked 
| 165|0x00000000ca500000, 0x00000000ca600000, 0x00000000ca600000|100%| O|Cm|TAMS 0x00000000ca500000| PB 0x00000000ca500000| Complete 
| 166|0x00000000ca600000, 0x00000000ca700000, 0x00000000ca700000|100%| O|Cm|TAMS 0x00000000ca600000| PB 0x00000000ca600000| Complete 
| 167|0x00000000ca700000, 0x00000000ca800000, 0x00000000ca800000|100%| O|Cm|TAMS 0x00000000ca700000| PB 0x00000000ca700000| Complete 
| 168|0x00000000ca800000, 0x00000000ca900000, 0x00000000ca900000|100%| O|  |TAMS 0x00000000ca800000| PB 0x00000000ca800000| Untracked 
| 169|0x00000000ca900000, 0x00000000caa00000, 0x00000000caa00000|100%| O|  |TAMS 0x00000000ca900000| PB 0x00000000ca900000| Untracked 
| 170|0x00000000caa00000, 0x00000000cab00000, 0x00000000cab00000|100%| O|  |TAMS 0x00000000caa00000| PB 0x00000000caa00000| Untracked 
| 171|0x00000000cab00000, 0x00000000cac00000, 0x00000000cac00000|100%| O|  |TAMS 0x00000000cab00000| PB 0x00000000cab00000| Untracked 
| 172|0x00000000cac00000, 0x00000000cad00000, 0x00000000cad00000|100%| O|  |TAMS 0x00000000cac00000| PB 0x00000000cac00000| Untracked 
| 173|0x00000000cad00000, 0x00000000cae00000, 0x00000000cae00000|100%| O|  |TAMS 0x00000000cad00000| PB 0x00000000cad00000| Untracked 
| 174|0x00000000cae00000, 0x00000000caf00000, 0x00000000caf00000|100%| O|  |TAMS 0x00000000cae00000| PB 0x00000000cae00000| Untracked 
| 175|0x00000000caf00000, 0x00000000caf00000, 0x00000000cb000000|  0%| F|  |TAMS 0x00000000caf00000| PB 0x00000000caf00000| Untracked 
| 176|0x00000000cb000000, 0x00000000cb000000, 0x00000000cb100000|  0%| F|  |TAMS 0x00000000cb000000| PB 0x00000000cb000000| Untracked 
| 177|0x00000000cb100000, 0x00000000cb100000, 0x00000000cb200000|  0%| F|  |TAMS 0x00000000cb100000| PB 0x00000000cb100000| Untracked 
| 178|0x00000000cb200000, 0x00000000cb200000, 0x00000000cb300000|  0%| F|  |TAMS 0x00000000cb200000| PB 0x00000000cb200000| Untracked 
| 179|0x00000000cb300000, 0x00000000cb300000, 0x00000000cb400000|  0%| F|  |TAMS 0x00000000cb300000| PB 0x00000000cb300000| Untracked 
| 180|0x00000000cb400000, 0x00000000cb400000, 0x00000000cb500000|  0%| F|  |TAMS 0x00000000cb400000| PB 0x00000000cb400000| Untracked 
| 181|0x00000000cb500000, 0x00000000cb500000, 0x00000000cb600000|  0%| F|  |TAMS 0x00000000cb500000| PB 0x00000000cb500000| Untracked 
| 182|0x00000000cb600000, 0x00000000cb600000, 0x00000000cb700000|  0%| F|  |TAMS 0x00000000cb600000| PB 0x00000000cb600000| Untracked 
| 183|0x00000000cb700000, 0x00000000cb700000, 0x00000000cb800000|  0%| F|  |TAMS 0x00000000cb700000| PB 0x00000000cb700000| Untracked 
| 184|0x00000000cb800000, 0x00000000cb800000, 0x00000000cb900000|  0%| F|  |TAMS 0x00000000cb800000| PB 0x00000000cb800000| Untracked 
| 185|0x00000000cb900000, 0x00000000cb900000, 0x00000000cba00000|  0%| F|  |TAMS 0x00000000cb900000| PB 0x00000000cb900000| Untracked 
| 186|0x00000000cba00000, 0x00000000cba00000, 0x00000000cbb00000|  0%| F|  |TAMS 0x00000000cba00000| PB 0x00000000cba00000| Untracked 
| 187|0x00000000cbb00000, 0x00000000cbb00000, 0x00000000cbc00000|  0%| F|  |TAMS 0x00000000cbb00000| PB 0x00000000cbb00000| Untracked 
| 188|0x00000000cbc00000, 0x00000000cbc00000, 0x00000000cbd00000|  0%| F|  |TAMS 0x00000000cbc00000| PB 0x00000000cbc00000| Untracked 
| 189|0x00000000cbd00000, 0x00000000cbd00000, 0x00000000cbe00000|  0%| F|  |TAMS 0x00000000cbd00000| PB 0x00000000cbd00000| Untracked 
| 190|0x00000000cbe00000, 0x00000000cbe00000, 0x00000000cbf00000|  0%| F|  |TAMS 0x00000000cbe00000| PB 0x00000000cbe00000| Untracked 
| 191|0x00000000cbf00000, 0x00000000cbf00000, 0x00000000cc000000|  0%| F|  |TAMS 0x00000000cbf00000| PB 0x00000000cbf00000| Untracked 
| 192|0x00000000cc000000, 0x00000000cc000000, 0x00000000cc100000|  0%| F|  |TAMS 0x00000000cc000000| PB 0x00000000cc000000| Untracked 
| 193|0x00000000cc100000, 0x00000000cc100000, 0x00000000cc200000|  0%| F|  |TAMS 0x00000000cc100000| PB 0x00000000cc100000| Untracked 
| 194|0x00000000cc200000, 0x00000000cc200000, 0x00000000cc300000|  0%| F|  |TAMS 0x00000000cc200000| PB 0x00000000cc200000| Untracked 
| 195|0x00000000cc300000, 0x00000000cc300000, 0x00000000cc400000|  0%| F|  |TAMS 0x00000000cc300000| PB 0x00000000cc300000| Untracked 
| 196|0x00000000cc400000, 0x00000000cc500000, 0x00000000cc500000|100%| S|CS|TAMS 0x00000000cc400000| PB 0x00000000cc400000| Complete 
| 197|0x00000000cc500000, 0x00000000cc600000, 0x00000000cc600000|100%| S|CS|TAMS 0x00000000cc500000| PB 0x00000000cc500000| Complete 
| 198|0x00000000cc600000, 0x00000000cc700000, 0x00000000cc700000|100%| S|CS|TAMS 0x00000000cc600000| PB 0x00000000cc600000| Complete 
| 199|0x00000000cc700000, 0x00000000cc800000, 0x00000000cc800000|100%| S|CS|TAMS 0x00000000cc700000| PB 0x00000000cc700000| Complete 
| 200|0x00000000cc800000, 0x00000000cc900000, 0x00000000cc900000|100%| S|CS|TAMS 0x00000000cc800000| PB 0x00000000cc800000| Complete 
| 201|0x00000000cc900000, 0x00000000cca00000, 0x00000000cca00000|100%| S|CS|TAMS 0x00000000cc900000| PB 0x00000000cc900000| Complete 
| 202|0x00000000cca00000, 0x00000000ccb00000, 0x00000000ccb00000|100%| S|CS|TAMS 0x00000000cca00000| PB 0x00000000cca00000| Complete 
| 203|0x00000000ccb00000, 0x00000000ccc00000, 0x00000000ccc00000|100%| S|CS|TAMS 0x00000000ccb00000| PB 0x00000000ccb00000| Complete 
| 204|0x00000000ccc00000, 0x00000000ccc00000, 0x00000000ccd00000|  0%| F|  |TAMS 0x00000000ccc00000| PB 0x00000000ccc00000| Untracked 
| 205|0x00000000ccd00000, 0x00000000ccd00000, 0x00000000cce00000|  0%| F|  |TAMS 0x00000000ccd00000| PB 0x00000000ccd00000| Untracked 
| 206|0x00000000cce00000, 0x00000000cce00000, 0x00000000ccf00000|  0%| F|  |TAMS 0x00000000cce00000| PB 0x00000000cce00000| Untracked 
| 207|0x00000000ccf00000, 0x00000000ccf00000, 0x00000000cd000000|  0%| F|  |TAMS 0x00000000ccf00000| PB 0x00000000ccf00000| Untracked 
| 208|0x00000000cd000000, 0x00000000cd000000, 0x00000000cd100000|  0%| F|  |TAMS 0x00000000cd000000| PB 0x00000000cd000000| Untracked 
| 209|0x00000000cd100000, 0x00000000cd100000, 0x00000000cd200000|  0%| F|  |TAMS 0x00000000cd100000| PB 0x00000000cd100000| Untracked 
| 210|0x00000000cd200000, 0x00000000cd200000, 0x00000000cd300000|  0%| F|  |TAMS 0x00000000cd200000| PB 0x00000000cd200000| Untracked 
| 211|0x00000000cd300000, 0x00000000cd300000, 0x00000000cd400000|  0%| F|  |TAMS 0x00000000cd300000| PB 0x00000000cd300000| Untracked 
| 212|0x00000000cd400000, 0x00000000cd400000, 0x00000000cd500000|  0%| F|  |TAMS 0x00000000cd400000| PB 0x00000000cd400000| Untracked 
| 213|0x00000000cd500000, 0x00000000cd500000, 0x00000000cd600000|  0%| F|  |TAMS 0x00000000cd500000| PB 0x00000000cd500000| Untracked 
| 214|0x00000000cd600000, 0x00000000cd600000, 0x00000000cd700000|  0%| F|  |TAMS 0x00000000cd600000| PB 0x00000000cd600000| Untracked 
| 215|0x00000000cd700000, 0x00000000cd700000, 0x00000000cd800000|  0%| F|  |TAMS 0x00000000cd700000| PB 0x00000000cd700000| Untracked 
| 216|0x00000000cd800000, 0x00000000cd800000, 0x00000000cd900000|  0%| F|  |TAMS 0x00000000cd800000| PB 0x00000000cd800000| Untracked 
| 217|0x00000000cd900000, 0x00000000cd900000, 0x00000000cda00000|  0%| F|  |TAMS 0x00000000cd900000| PB 0x00000000cd900000| Untracked 
| 218|0x00000000cda00000, 0x00000000cda00000, 0x00000000cdb00000|  0%| F|  |TAMS 0x00000000cda00000| PB 0x00000000cda00000| Untracked 
| 219|0x00000000cdb00000, 0x00000000cdb00000, 0x00000000cdc00000|  0%| F|  |TAMS 0x00000000cdb00000| PB 0x00000000cdb00000| Untracked 
| 220|0x00000000cdc00000, 0x00000000cdc00000, 0x00000000cdd00000|  0%| F|  |TAMS 0x00000000cdc00000| PB 0x00000000cdc00000| Untracked 
| 221|0x00000000cdd00000, 0x00000000cdd00000, 0x00000000cde00000|  0%| F|  |TAMS 0x00000000cdd00000| PB 0x00000000cdd00000| Untracked 
| 222|0x00000000cde00000, 0x00000000cde00000, 0x00000000cdf00000|  0%| F|  |TAMS 0x00000000cde00000| PB 0x00000000cde00000| Untracked 
| 223|0x00000000cdf00000, 0x00000000cdf00000, 0x00000000ce000000|  0%| F|  |TAMS 0x00000000cdf00000| PB 0x00000000cdf00000| Untracked 
| 224|0x00000000ce000000, 0x00000000ce000000, 0x00000000ce100000|  0%| F|  |TAMS 0x00000000ce000000| PB 0x00000000ce000000| Untracked 
| 225|0x00000000ce100000, 0x00000000ce100000, 0x00000000ce200000|  0%| F|  |TAMS 0x00000000ce100000| PB 0x00000000ce100000| Untracked 
| 226|0x00000000ce200000, 0x00000000ce200000, 0x00000000ce300000|  0%| F|  |TAMS 0x00000000ce200000| PB 0x00000000ce200000| Untracked 
| 227|0x00000000ce300000, 0x00000000ce300000, 0x00000000ce400000|  0%| F|  |TAMS 0x00000000ce300000| PB 0x00000000ce300000| Untracked 
| 228|0x00000000ce400000, 0x00000000ce400000, 0x00000000ce500000|  0%| F|  |TAMS 0x00000000ce400000| PB 0x00000000ce400000| Untracked 
| 229|0x00000000ce500000, 0x00000000ce500000, 0x00000000ce600000|  0%| F|  |TAMS 0x00000000ce500000| PB 0x00000000ce500000| Untracked 
| 230|0x00000000ce600000, 0x00000000ce600000, 0x00000000ce700000|  0%| F|  |TAMS 0x00000000ce600000| PB 0x00000000ce600000| Untracked 
| 231|0x00000000ce700000, 0x00000000ce700000, 0x00000000ce800000|  0%| F|  |TAMS 0x00000000ce700000| PB 0x00000000ce700000| Untracked 
| 232|0x00000000ce800000, 0x00000000ce800000, 0x00000000ce900000|  0%| F|  |TAMS 0x00000000ce800000| PB 0x00000000ce800000| Untracked 
| 233|0x00000000ce900000, 0x00000000ce900000, 0x00000000cea00000|  0%| F|  |TAMS 0x00000000ce900000| PB 0x00000000ce900000| Untracked 
| 234|0x00000000cea00000, 0x00000000cea00000, 0x00000000ceb00000|  0%| F|  |TAMS 0x00000000cea00000| PB 0x00000000cea00000| Untracked 
| 235|0x00000000ceb00000, 0x00000000ceb00000, 0x00000000cec00000|  0%| F|  |TAMS 0x00000000ceb00000| PB 0x00000000ceb00000| Untracked 
| 236|0x00000000cec00000, 0x00000000cec00000, 0x00000000ced00000|  0%| F|  |TAMS 0x00000000cec00000| PB 0x00000000cec00000| Untracked 
| 237|0x00000000ced00000, 0x00000000ced80000, 0x00000000cee00000| 50%| E|  |TAMS 0x00000000ced00000| PB 0x00000000ced00000| Complete 
| 238|0x00000000cee00000, 0x00000000cef00000, 0x00000000cef00000|100%| E|CS|TAMS 0x00000000cee00000| PB 0x00000000cee00000| Complete 
| 239|0x00000000cef00000, 0x00000000cf000000, 0x00000000cf000000|100%| E|CS|TAMS 0x00000000cef00000| PB 0x00000000cef00000| Complete 
| 240|0x00000000cf000000, 0x00000000cf100000, 0x00000000cf100000|100%| E|CS|TAMS 0x00000000cf000000| PB 0x00000000cf000000| Complete 
| 241|0x00000000cf100000, 0x00000000cf200000, 0x00000000cf200000|100%| E|CS|TAMS 0x00000000cf100000| PB 0x00000000cf100000| Complete 
| 242|0x00000000cf200000, 0x00000000cf300000, 0x00000000cf300000|100%| E|CS|TAMS 0x00000000cf200000| PB 0x00000000cf200000| Complete 
| 243|0x00000000cf300000, 0x00000000cf400000, 0x00000000cf400000|100%| E|CS|TAMS 0x00000000cf300000| PB 0x00000000cf300000| Complete 
| 244|0x00000000cf400000, 0x00000000cf500000, 0x00000000cf500000|100%| E|CS|TAMS 0x00000000cf400000| PB 0x00000000cf400000| Complete 
| 245|0x00000000cf500000, 0x00000000cf600000, 0x00000000cf600000|100%| E|CS|TAMS 0x00000000cf500000| PB 0x00000000cf500000| Complete 
| 246|0x00000000cf600000, 0x00000000cf700000, 0x00000000cf700000|100%| E|CS|TAMS 0x00000000cf600000| PB 0x00000000cf600000| Complete 
| 247|0x00000000cf700000, 0x00000000cf800000, 0x00000000cf800000|100%| E|CS|TAMS 0x00000000cf700000| PB 0x00000000cf700000| Complete 
| 248|0x00000000cf800000, 0x00000000cf900000, 0x00000000cf900000|100%| E|CS|TAMS 0x00000000cf800000| PB 0x00000000cf800000| Complete 
| 249|0x00000000cf900000, 0x00000000cfa00000, 0x00000000cfa00000|100%| E|CS|TAMS 0x00000000cf900000| PB 0x00000000cf900000| Complete 
| 250|0x00000000cfa00000, 0x00000000cfb00000, 0x00000000cfb00000|100%| E|CS|TAMS 0x00000000cfa00000| PB 0x00000000cfa00000| Complete 
| 251|0x00000000cfb00000, 0x00000000cfc00000, 0x00000000cfc00000|100%| E|CS|TAMS 0x00000000cfb00000| PB 0x00000000cfb00000| Complete 
| 252|0x00000000cfc00000, 0x00000000cfd00000, 0x00000000cfd00000|100%| E|CS|TAMS 0x00000000cfc00000| PB 0x00000000cfc00000| Complete 
| 253|0x00000000cfd00000, 0x00000000cfe00000, 0x00000000cfe00000|100%| E|CS|TAMS 0x00000000cfd00000| PB 0x00000000cfd00000| Complete 
| 254|0x00000000cfe00000, 0x00000000cff00000, 0x00000000cff00000|100%| E|CS|TAMS 0x00000000cfe00000| PB 0x00000000cfe00000| Complete 
| 255|0x00000000cff00000, 0x00000000d0000000, 0x00000000d0000000|100%| E|CS|TAMS 0x00000000cff00000| PB 0x00000000cff00000| Complete 
| 256|0x00000000d0000000, 0x00000000d0100000, 0x00000000d0100000|100%| E|CS|TAMS 0x00000000d0000000| PB 0x00000000d0000000| Complete 
| 257|0x00000000d0100000, 0x00000000d0200000, 0x00000000d0200000|100%| E|CS|TAMS 0x00000000d0100000| PB 0x00000000d0100000| Complete 
| 258|0x00000000d0200000, 0x00000000d0300000, 0x00000000d0300000|100%| E|CS|TAMS 0x00000000d0200000| PB 0x00000000d0200000| Complete 
| 259|0x00000000d0300000, 0x00000000d0400000, 0x00000000d0400000|100%| E|CS|TAMS 0x00000000d0300000| PB 0x00000000d0300000| Complete 
| 260|0x00000000d0400000, 0x00000000d0500000, 0x00000000d0500000|100%| E|CS|TAMS 0x00000000d0400000| PB 0x00000000d0400000| Complete 
| 261|0x00000000d0500000, 0x00000000d0600000, 0x00000000d0600000|100%| E|CS|TAMS 0x00000000d0500000| PB 0x00000000d0500000| Complete 
| 262|0x00000000d0600000, 0x00000000d0700000, 0x00000000d0700000|100%| E|CS|TAMS 0x00000000d0600000| PB 0x00000000d0600000| Complete 
| 263|0x00000000d0700000, 0x00000000d0800000, 0x00000000d0800000|100%| E|CS|TAMS 0x00000000d0700000| PB 0x00000000d0700000| Complete 
| 264|0x00000000d0800000, 0x00000000d0900000, 0x00000000d0900000|100%| E|CS|TAMS 0x00000000d0800000| PB 0x00000000d0800000| Complete 
| 265|0x00000000d0900000, 0x00000000d0a00000, 0x00000000d0a00000|100%| E|CS|TAMS 0x00000000d0900000| PB 0x00000000d0900000| Complete 
| 266|0x00000000d0a00000, 0x00000000d0b00000, 0x00000000d0b00000|100%| E|CS|TAMS 0x00000000d0a00000| PB 0x00000000d0a00000| Complete 
| 267|0x00000000d0b00000, 0x00000000d0c00000, 0x00000000d0c00000|100%| E|CS|TAMS 0x00000000d0b00000| PB 0x00000000d0b00000| Complete 
| 268|0x00000000d0c00000, 0x00000000d0d00000, 0x00000000d0d00000|100%| E|CS|TAMS 0x00000000d0c00000| PB 0x00000000d0c00000| Complete 
| 269|0x00000000d0d00000, 0x00000000d0e00000, 0x00000000d0e00000|100%| E|CS|TAMS 0x00000000d0d00000| PB 0x00000000d0d00000| Complete 
| 270|0x00000000d0e00000, 0x00000000d0f00000, 0x00000000d0f00000|100%| E|CS|TAMS 0x00000000d0e00000| PB 0x00000000d0e00000| Complete 
| 271|0x00000000d0f00000, 0x00000000d1000000, 0x00000000d1000000|100%| E|CS|TAMS 0x00000000d0f00000| PB 0x00000000d0f00000| Complete 
| 272|0x00000000d1000000, 0x00000000d1100000, 0x00000000d1100000|100%| E|CS|TAMS 0x00000000d1000000| PB 0x00000000d1000000| Complete 
| 273|0x00000000d1100000, 0x00000000d1200000, 0x00000000d1200000|100%| E|CS|TAMS 0x00000000d1100000| PB 0x00000000d1100000| Complete 
| 274|0x00000000d1200000, 0x00000000d1300000, 0x00000000d1300000|100%| E|CS|TAMS 0x00000000d1200000| PB 0x00000000d1200000| Complete 
| 275|0x00000000d1300000, 0x00000000d1400000, 0x00000000d1400000|100%| E|CS|TAMS 0x00000000d1300000| PB 0x00000000d1300000| Complete 
| 276|0x00000000d1400000, 0x00000000d1500000, 0x00000000d1500000|100%| E|CS|TAMS 0x00000000d1400000| PB 0x00000000d1400000| Complete 
| 277|0x00000000d1500000, 0x00000000d1600000, 0x00000000d1600000|100%| E|CS|TAMS 0x00000000d1500000| PB 0x00000000d1500000| Complete 
| 278|0x00000000d1600000, 0x00000000d1700000, 0x00000000d1700000|100%| E|CS|TAMS 0x00000000d1600000| PB 0x00000000d1600000| Complete 
| 279|0x00000000d1700000, 0x00000000d1800000, 0x00000000d1800000|100%| E|CS|TAMS 0x00000000d1700000| PB 0x00000000d1700000| Complete 
| 280|0x00000000d1800000, 0x00000000d1900000, 0x00000000d1900000|100%| E|CS|TAMS 0x00000000d1800000| PB 0x00000000d1800000| Complete 
| 281|0x00000000d1900000, 0x00000000d1a00000, 0x00000000d1a00000|100%| E|CS|TAMS 0x00000000d1900000| PB 0x00000000d1900000| Complete 
| 282|0x00000000d1a00000, 0x00000000d1b00000, 0x00000000d1b00000|100%| E|CS|TAMS 0x00000000d1a00000| PB 0x00000000d1a00000| Complete 
| 283|0x00000000d1b00000, 0x00000000d1c00000, 0x00000000d1c00000|100%| E|CS|TAMS 0x00000000d1b00000| PB 0x00000000d1b00000| Complete 
| 284|0x00000000d1c00000, 0x00000000d1d00000, 0x00000000d1d00000|100%| E|CS|TAMS 0x00000000d1c00000| PB 0x00000000d1c00000| Complete 
| 285|0x00000000d1d00000, 0x00000000d1e00000, 0x00000000d1e00000|100%| E|CS|TAMS 0x00000000d1d00000| PB 0x00000000d1d00000| Complete 
| 286|0x00000000d1e00000, 0x00000000d1f00000, 0x00000000d1f00000|100%| E|CS|TAMS 0x00000000d1e00000| PB 0x00000000d1e00000| Complete 
| 287|0x00000000d1f00000, 0x00000000d2000000, 0x00000000d2000000|100%| E|CS|TAMS 0x00000000d1f00000| PB 0x00000000d1f00000| Complete 
| 288|0x00000000d2000000, 0x00000000d2100000, 0x00000000d2100000|100%| E|CS|TAMS 0x00000000d2000000| PB 0x00000000d2000000| Complete 
| 289|0x00000000d2100000, 0x00000000d2200000, 0x00000000d2200000|100%| E|CS|TAMS 0x00000000d2100000| PB 0x00000000d2100000| Complete 
| 290|0x00000000d2200000, 0x00000000d2300000, 0x00000000d2300000|100%| E|CS|TAMS 0x00000000d2200000| PB 0x00000000d2200000| Complete 
| 291|0x00000000d2300000, 0x00000000d2400000, 0x00000000d2400000|100%| E|CS|TAMS 0x00000000d2300000| PB 0x00000000d2300000| Complete 
| 292|0x00000000d2400000, 0x00000000d2500000, 0x00000000d2500000|100%| E|CS|TAMS 0x00000000d2400000| PB 0x00000000d2400000| Complete 
| 293|0x00000000d2500000, 0x00000000d2600000, 0x00000000d2600000|100%| E|CS|TAMS 0x00000000d2500000| PB 0x00000000d2500000| Complete 
| 294|0x00000000d2600000, 0x00000000d2700000, 0x00000000d2700000|100%| E|CS|TAMS 0x00000000d2600000| PB 0x00000000d2600000| Complete 
| 295|0x00000000d2700000, 0x00000000d2800000, 0x00000000d2800000|100%| E|CS|TAMS 0x00000000d2700000| PB 0x00000000d2700000| Complete 
| 296|0x00000000d2800000, 0x00000000d2900000, 0x00000000d2900000|100%| E|CS|TAMS 0x00000000d2800000| PB 0x00000000d2800000| Complete 
| 297|0x00000000d2900000, 0x00000000d2a00000, 0x00000000d2a00000|100%| E|CS|TAMS 0x00000000d2900000| PB 0x00000000d2900000| Complete 
| 298|0x00000000d2a00000, 0x00000000d2b00000, 0x00000000d2b00000|100%| E|CS|TAMS 0x00000000d2a00000| PB 0x00000000d2a00000| Complete 
| 299|0x00000000d2b00000, 0x00000000d2c00000, 0x00000000d2c00000|100%| E|CS|TAMS 0x00000000d2b00000| PB 0x00000000d2b00000| Complete 
| 300|0x00000000d2c00000, 0x00000000d2d00000, 0x00000000d2d00000|100%| E|CS|TAMS 0x00000000d2c00000| PB 0x00000000d2c00000| Complete 
| 301|0x00000000d2d00000, 0x00000000d2e00000, 0x00000000d2e00000|100%| E|CS|TAMS 0x00000000d2d00000| PB 0x00000000d2d00000| Complete 
|1022|0x00000000ffe00000, 0x00000000fff00000, 0x00000000fff00000|100%| O|  |TAMS 0x00000000ffe00000| PB 0x00000000ffe00000| Untracked 
|1023|0x00000000fff00000, 0x0000000100000000, 0x0000000100000000|100%| O|  |TAMS 0x00000000fff00000| PB 0x00000000fff00000| Untracked 

Card table byte_map: [0x00000246778a0000,0x0000024677aa0000] _byte_map_base: 0x00000246772a0000

Marking Bits: (CMBitMap*) 0x000002466525ff30
 Bits: [0x0000024677aa0000, 0x0000024678aa0000)

Polling page: 0x0000024663220000

Metaspace:

Usage:
  Non-class:    125.20 MB used.
      Class:     19.35 MB used.
       Both:    144.55 MB used.

Virtual space:
  Non-class space:      128.00 MB reserved,     126.44 MB ( 99%) committed,  2 nodes.
      Class space:      208.00 MB reserved,      20.62 MB ( 10%) committed,  1 nodes.
             Both:      336.00 MB reserved,     147.06 MB ( 44%) committed. 

Chunk freelists:
   Non-Class:  1.45 MB
       Class:  11.33 MB
        Both:  12.78 MB

MaxMetaspaceSize: 256.00 MB
CompressedClassSpaceSize: 208.00 MB
Initial GC threshold: 21.00 MB
Current GC threshold: 245.12 MB
CDS: off
 - commit_granule_bytes: 65536.
 - commit_granule_words: 8192.
 - virtual_space_node_default_size: 8388608.
 - enlarge_chunks_in_place: 1.
 - use_allocation_guard: 0.


Internal statistics:

num_allocs_failed_limit: 9.
num_arena_births: 4862.
num_arena_deaths: 2.
num_vsnodes_births: 3.
num_vsnodes_deaths: 0.
num_space_committed: 2352.
num_space_uncommitted: 0.
num_chunks_returned_to_freelist: 12.
num_chunks_taken_from_freelist: 11243.
num_chunk_merges: 9.
num_chunk_splits: 7377.
num_chunks_enlarged: 4715.
num_inconsistent_stats: 0.

CodeHeap 'non-profiled nmethods': size=120000Kb used=11238Kb max_used=11740Kb free=108761Kb
 bounds [0x000002466fe40000, 0x00000246709d0000, 0x0000024677370000]
CodeHeap 'profiled nmethods': size=120000Kb used=30556Kb max_used=33058Kb free=89443Kb
 bounds [0x0000024668370000, 0x000002466a3e0000, 0x000002466f8a0000]
CodeHeap 'non-nmethods': size=5760Kb used=3002Kb max_used=3067Kb free=2757Kb
 bounds [0x000002466f8a0000, 0x000002466fbc0000, 0x000002466fe40000]
 total_blobs=16195 nmethods=15110 adapters=987
 compilation: enabled
              stopped_count=0, restarted_count=0
 full_count=0

Compilation events (20 events):
Event: 80.889 Thread 0x000002460b5adba0 nmethod 21421 0x000002466ff4ed90 code [0x000002466ff4ef20, 0x000002466ff4f238]
Event: 80.889 Thread 0x000002460b5adba0 21419       4       com.android.tools.r8.ir.optimize.F::a (724 bytes)
Event: 80.978 Thread 0x00000246040f6990 21443 %     3       com.android.tools.r8.internal.rT::c @ 876 (1731 bytes)
Event: 80.999 Thread 0x00000246040f6990 nmethod 21443% 0x00000246686b5e90 code [0x00000246686b6c20, 0x00000246686bee70]
Event: 80.999 Thread 0x00000246040f6990 21447       3       com.android.tools.r8.internal.QU::a (184 bytes)
Event: 81.002 Thread 0x00000246040f6990 nmethod 21447 0x0000024669135a10 code [0x0000024669135d00, 0x0000024669136ce8]
Event: 81.002 Thread 0x00000246040f6990 21448 %     3       com.android.tools.r8.internal.rT::c @ 666 (1731 bytes)
Event: 81.022 Thread 0x00000246040f6990 nmethod 21448% 0x0000024669f3f390 code [0x0000024669f40120, 0x0000024669f483c8]
Event: 81.029 Thread 0x00000246040f6990 21449 %     3       com.android.tools.r8.internal.rT::c @ 779 (1731 bytes)
Event: 81.051 Thread 0x00000246040f6990 nmethod 21449% 0x000002466a3b8810 code [0x000002466a3b95a0, 0x000002466a3c1c60]
Event: 81.054 Thread 0x00000246040f6990 21451 %     3       com.android.tools.r8.internal.rT::c @ 702 (1731 bytes)
Event: 81.071 Thread 0x000002460b5adba0 nmethod 21419 0x0000024670479b10 code [0x0000024670479fe0, 0x000002467047c690]
Event: 81.072 Thread 0x000002460b5adba0 21442 %     4       com.android.tools.r8.internal.rT::a @ 1229 (3042 bytes)
Event: 81.075 Thread 0x00000246040f6990 nmethod 21451% 0x000002466a3c4f90 code [0x000002466a3c5d20, 0x000002466a3ce110]
Event: 81.075 Thread 0x00000246040f6990 21452       2       java.util.Collections::indexedBinarySearch (83 bytes)
Event: 81.076 Thread 0x00000246040f6990 nmethod 21452 0x00000246683edf90 code [0x00000246683ee160, 0x00000246683ee418]
Event: 81.080 Thread 0x00000246040f6990 21453       3       com.android.tools.r8.internal.rT::c (1731 bytes)
Event: 81.100 Thread 0x00000246040f6990 nmethod 21453 0x000002466a3d1410 code [0x000002466a3d2140, 0x000002466a3d9d30]
Event: 81.131 Thread 0x00000246040f6990 21455       3       com.android.tools.r8.internal.DI::a (24 bytes)
Event: 81.132 Thread 0x00000246040f6990 nmethod 21455 0x000002466876c190 code [0x000002466876c3a0, 0x000002466876ca20]

GC Heap History (20 events):
Event: 66.955 GC heap before
{Heap before GC invocations=69 (full 0):
 garbage-first heap   total 261120K, used 214619K [0x00000000c0000000, 0x0000000100000000)
  region size 1024K, 60 young (61440K), 5 survivors (5120K)
 Metaspace       used 128669K, committed 131136K, reserved 344064K
  class space    used 17257K, committed 18496K, reserved 212992K
}
Event: 66.968 GC heap after
{Heap after GC invocations=70 (full 0):
 garbage-first heap   total 261120K, used 164864K [0x00000000c0000000, 0x0000000100000000)
  region size 1024K, 8 young (8192K), 8 survivors (8192K)
 Metaspace       used 128669K, committed 131136K, reserved 344064K
  class space    used 17257K, committed 18496K, reserved 212992K
}
Event: 67.584 GC heap before
{Heap before GC invocations=70 (full 0):
 garbage-first heap   total 261120K, used 233472K [0x00000000c0000000, 0x0000000100000000)
  region size 1024K, 75 young (76800K), 8 survivors (8192K)
 Metaspace       used 129138K, committed 131648K, reserved 344064K
  class space    used 17319K, committed 18560K, reserved 212992K
}
Event: 67.603 GC heap after
{Heap after GC invocations=71 (full 0):
 garbage-first heap   total 261120K, used 175104K [0x00000000c0000000, 0x0000000100000000)
  region size 1024K, 10 young (10240K), 10 survivors (10240K)
 Metaspace       used 129138K, committed 131648K, reserved 344064K
  class space    used 17319K, committed 18560K, reserved 212992K
}
Event: 67.853 GC heap before
{Heap before GC invocations=71 (full 0):
 garbage-first heap   total 261120K, used 236544K [0x00000000c0000000, 0x0000000100000000)
  region size 1024K, 70 young (71680K), 10 survivors (10240K)
 Metaspace       used 129232K, committed 131712K, reserved 344064K
  class space    used 17321K, committed 18560K, reserved 212992K
}
Event: 67.862 GC heap after
{Heap after GC invocations=72 (full 0):
 garbage-first heap   total 261120K, used 177527K [0x00000000c0000000, 0x0000000100000000)
  region size 1024K, 2 young (2048K), 2 survivors (2048K)
 Metaspace       used 129232K, committed 131712K, reserved 344064K
  class space    used 17321K, committed 18560K, reserved 212992K
}
Event: 69.302 GC heap before
{Heap before GC invocations=73 (full 0):
 garbage-first heap   total 301056K, used 254327K [0x00000000c0000000, 0x0000000100000000)
  region size 1024K, 63 young (64512K), 2 survivors (2048K)
 Metaspace       used 129489K, committed 131968K, reserved 344064K
  class space    used 17349K, committed 18560K, reserved 212992K
}
Event: 69.306 GC heap after
{Heap after GC invocations=74 (full 0):
 garbage-first heap   total 301056K, used 177059K [0x00000000c0000000, 0x0000000100000000)
  region size 1024K, 2 young (2048K), 2 survivors (2048K)
 Metaspace       used 129489K, committed 131968K, reserved 344064K
  class space    used 17349K, committed 18560K, reserved 212992K
}
Event: 71.141 GC heap before
{Heap before GC invocations=74 (full 0):
 garbage-first heap   total 301056K, used 277411K [0x00000000c0000000, 0x0000000100000000)
  region size 1024K, 98 young (100352K), 2 survivors (2048K)
 Metaspace       used 129824K, committed 132288K, reserved 344064K
  class space    used 17384K, committed 18624K, reserved 212992K
}
Event: 71.149 GC heap after
{Heap after GC invocations=75 (full 0):
 garbage-first heap   total 301056K, used 181500K [0x00000000c0000000, 0x0000000100000000)
  region size 1024K, 7 young (7168K), 7 survivors (7168K)
 Metaspace       used 129824K, committed 132288K, reserved 344064K
  class space    used 17384K, committed 18624K, reserved 212992K
}
Event: 72.809 GC heap before
{Heap before GC invocations=75 (full 0):
 garbage-first heap   total 301056K, used 275708K [0x00000000c0000000, 0x0000000100000000)
  region size 1024K, 100 young (102400K), 7 survivors (7168K)
 Metaspace       used 141953K, committed 144448K, reserved 344064K
  class space    used 19116K, committed 20352K, reserved 212992K
}
Event: 72.821 GC heap after
{Heap after GC invocations=76 (full 0):
 garbage-first heap   total 301056K, used 184416K [0x00000000c0000000, 0x0000000100000000)
  region size 1024K, 10 young (10240K), 10 survivors (10240K)
 Metaspace       used 141953K, committed 144448K, reserved 344064K
  class space    used 19116K, committed 20352K, reserved 212992K
}
Event: 74.908 GC heap before
{Heap before GC invocations=76 (full 0):
 garbage-first heap   total 301056K, used 273504K [0x00000000c0000000, 0x0000000100000000)
  region size 1024K, 97 young (99328K), 10 survivors (10240K)
 Metaspace       used 145998K, committed 148608K, reserved 344064K
  class space    used 19593K, committed 20928K, reserved 212992K
}
Event: 74.920 GC heap after
{Heap after GC invocations=77 (full 0):
 garbage-first heap   total 301056K, used 185417K [0x00000000c0000000, 0x0000000100000000)
  region size 1024K, 5 young (5120K), 5 survivors (5120K)
 Metaspace       used 145998K, committed 148608K, reserved 344064K
  class space    used 19593K, committed 20928K, reserved 212992K
}
Event: 76.430 GC heap before
{Heap before GC invocations=78 (full 0):
 garbage-first heap   total 311296K, used 277577K [0x00000000c0000000, 0x0000000100000000)
  region size 1024K, 96 young (98304K), 5 survivors (5120K)
 Metaspace       used 147401K, committed 149952K, reserved 344064K
  class space    used 19772K, committed 21056K, reserved 212992K
}
Event: 76.439 GC heap after
{Heap after GC invocations=79 (full 0):
 garbage-first heap   total 311296K, used 184967K [0x00000000c0000000, 0x0000000100000000)
  region size 1024K, 4 young (4096K), 4 survivors (4096K)
 Metaspace       used 147401K, committed 149952K, reserved 344064K
  class space    used 19772K, committed 21056K, reserved 212992K
}
Event: 78.003 GC heap before
{Heap before GC invocations=79 (full 0):
 garbage-first heap   total 311296K, used 289415K [0x00000000c0000000, 0x0000000100000000)
  region size 1024K, 107 young (109568K), 4 survivors (4096K)
 Metaspace       used 147734K, committed 150336K, reserved 344064K
  class space    used 19773K, committed 21056K, reserved 212992K
}
Event: 78.020 GC heap after
{Heap after GC invocations=80 (full 0):
 garbage-first heap   total 311296K, used 186108K [0x00000000c0000000, 0x0000000100000000)
  region size 1024K, 8 young (8192K), 8 survivors (8192K)
 Metaspace       used 147734K, committed 150336K, reserved 344064K
  class space    used 19773K, committed 21056K, reserved 212992K
}
Event: 79.380 GC heap before
{Heap before GC invocations=80 (full 0):
 garbage-first heap   total 311296K, used 286460K [0x00000000c0000000, 0x0000000100000000)
  region size 1024K, 106 young (108544K), 8 survivors (8192K)
 Metaspace       used 148008K, committed 150592K, reserved 344064K
  class space    used 19812K, committed 21120K, reserved 212992K
}
Event: 79.393 GC heap after
{Heap after GC invocations=81 (full 0):
 garbage-first heap   total 311296K, used 187930K [0x00000000c0000000, 0x0000000100000000)
  region size 1024K, 8 young (8192K), 8 survivors (8192K)
 Metaspace       used 148008K, committed 150592K, reserved 344064K
  class space    used 19812K, committed 21120K, reserved 212992K
}

Dll operation events (3 events):
Event: 0.015 Loaded shared library C:\Program Files\Android\Android Studio\jbr\bin\java.dll
Event: 0.024 Loaded shared library C:\Program Files\Android\Android Studio\jbr\bin\zip.dll
Event: 0.794 Loaded shared library C:\Program Files\Android\Android Studio\jbr\bin\verify.dll

Deoptimization events (20 events):
Event: 81.033 Thread 0x000002460941a2d0 DEOPT PACKING pc=0x000002466a39aadf sp=0x000000f36fefb4d0
Event: 81.033 Thread 0x000002460941a2d0 DEOPT UNPACKING pc=0x000002466f8f4e42 sp=0x000000f36fefaa80 mode 0
Event: 81.047 Thread 0x000002460941a2d0 DEOPT PACKING pc=0x000002466a39aa80 sp=0x000000f36fefb4d0
Event: 81.047 Thread 0x000002460941a2d0 DEOPT UNPACKING pc=0x000002466f8f4e42 sp=0x000000f36fefaa90 mode 0
Event: 81.053 Thread 0x000002460941a2d0 DEOPT PACKING pc=0x000002466a39aadf sp=0x000000f36fefb4d0
Event: 81.054 Thread 0x000002460941a2d0 DEOPT UNPACKING pc=0x000002466f8f4e42 sp=0x000000f36fefaa80 mode 0
Event: 81.069 Thread 0x000002460941a2d0 DEOPT PACKING pc=0x000002466a39aadf sp=0x000000f36fefb4d0
Event: 81.069 Thread 0x000002460941a2d0 DEOPT UNPACKING pc=0x000002466f8f4e42 sp=0x000000f36fefaa80 mode 0
Event: 81.088 Thread 0x000002460941a2d0 DEOPT PACKING pc=0x000002466a39aadf sp=0x000000f36fefb4d0
Event: 81.088 Thread 0x000002460941a2d0 DEOPT UNPACKING pc=0x000002466f8f4e42 sp=0x000000f36fefaa80 mode 0
Event: 81.106 Thread 0x000002460941a2d0 DEOPT PACKING pc=0x000002466a39aadf sp=0x000000f36fefb380
Event: 81.106 Thread 0x000002460941a2d0 DEOPT UNPACKING pc=0x000002466f8f4e42 sp=0x000000f36fefa918 mode 0
Event: 81.127 Thread 0x000002460941a2d0 DEOPT PACKING pc=0x000002466a39aab9 sp=0x000000f36fefb380
Event: 81.127 Thread 0x000002460941a2d0 DEOPT UNPACKING pc=0x000002466f8f4e42 sp=0x000000f36fefa918 mode 0
Event: 81.134 Thread 0x000002460941a2d0 DEOPT PACKING pc=0x000002466a39aab9 sp=0x000000f36fefb380
Event: 81.134 Thread 0x000002460941a2d0 DEOPT UNPACKING pc=0x000002466f8f4e42 sp=0x000000f36fefa918 mode 0
Event: 81.154 Thread 0x000002460941a2d0 DEOPT PACKING pc=0x000002466a39aab9 sp=0x000000f36fefb380
Event: 81.154 Thread 0x000002460941a2d0 DEOPT UNPACKING pc=0x000002466f8f4e42 sp=0x000000f36fefa918 mode 0
Event: 81.161 Thread 0x000002460941a2d0 DEOPT PACKING pc=0x000002466a39aadf sp=0x000000f36fefb380
Event: 81.161 Thread 0x000002460941a2d0 DEOPT UNPACKING pc=0x000002466f8f4e42 sp=0x000000f36fefa918 mode 0

Classes loaded (20 events):
Event: 72.636 Loading class java/util/PriorityQueue
Event: 72.637 Loading class java/util/PriorityQueue done
Event: 72.879 Loading class java/util/SortedSet$1
Event: 72.880 Loading class java/util/SortedSet$1 done
Event: 72.886 Loading class java/util/stream/SliceOps
Event: 72.887 Loading class java/util/stream/SliceOps done
Event: 72.887 Loading class java/util/stream/SliceOps$1
Event: 72.887 Loading class java/util/stream/SliceOps$1 done
Event: 72.890 Loading class java/util/stream/SliceOps$1$1
Event: 72.890 Loading class java/util/stream/SliceOps$1$1 done
Event: 73.185 Loading class java/util/IdentityHashMap$ValueIterator
Event: 73.185 Loading class java/util/IdentityHashMap$ValueIterator done
Event: 75.227 Loading class java/nio/ShortBuffer
Event: 75.228 Loading class java/nio/ShortBuffer done
Event: 75.269 Loading class java/nio/ByteBufferAsShortBufferL
Event: 75.269 Loading class java/nio/ByteBufferAsShortBufferL done
Event: 75.291 Loading class java/util/zip/Adler32
Event: 75.292 Loading class java/util/zip/Adler32 done
Event: 75.296 Loading class java/nio/file/Path$1
Event: 75.296 Loading class java/nio/file/Path$1 done

Classes unloaded (1 events):
Event: 27.566 Thread 0x000002467b5147a0 Unloading class 0x00000001010e1000 'jdk/internal/reflect/GeneratedSerializationConstructorAccessor101'

Classes redefined (0 events):
No events

Internal exceptions (20 events):
Event: 77.085 Thread 0x000002460941a2d0 Exception <a 'sun/nio/fs/WindowsException'{0x00000000d06d5b00}> (0x00000000d06d5b00) 
thrown [s\src\hotspot\share\prims\jni.cpp, line 535]
Event: 77.093 Thread 0x000002460941a2d0 Exception <a 'sun/nio/fs/WindowsException'{0x00000000d06e50f8}> (0x00000000d06e50f8) 
thrown [s\src\hotspot\share\prims\jni.cpp, line 535]
Event: 77.100 Thread 0x000002460941a2d0 Exception <a 'sun/nio/fs/WindowsException'{0x00000000d05c6e68}> (0x00000000d05c6e68) 
thrown [s\src\hotspot\share\prims\jni.cpp, line 535]
Event: 77.106 Thread 0x000002460941a2d0 Exception <a 'sun/nio/fs/WindowsException'{0x00000000d05cdb30}> (0x00000000d05cdb30) 
thrown [s\src\hotspot\share\prims\jni.cpp, line 535]
Event: 77.114 Thread 0x000002460941a2d0 Exception <a 'sun/nio/fs/WindowsException'{0x00000000d05d5be8}> (0x00000000d05d5be8) 
thrown [s\src\hotspot\share\prims\jni.cpp, line 535]
Event: 77.120 Thread 0x000002460941a2d0 Exception <a 'sun/nio/fs/WindowsException'{0x00000000d05e5dd0}> (0x00000000d05e5dd0) 
thrown [s\src\hotspot\share\prims\jni.cpp, line 535]
Event: 77.127 Thread 0x000002460941a2d0 Exception <a 'sun/nio/fs/WindowsException'{0x00000000d05ed640}> (0x00000000d05ed640) 
thrown [s\src\hotspot\share\prims\jni.cpp, line 535]
Event: 77.136 Thread 0x000002460941a2d0 Exception <a 'sun/nio/fs/WindowsException'{0x00000000d05f9c10}> (0x00000000d05f9c10) 
thrown [s\src\hotspot\share\prims\jni.cpp, line 535]
Event: 77.145 Thread 0x000002460941a2d0 Exception <a 'sun/nio/fs/WindowsException'{0x00000000d03c18d0}> (0x00000000d03c18d0) 
thrown [s\src\hotspot\share\prims\jni.cpp, line 535]
Event: 77.155 Thread 0x000002460941a2d0 Exception <a 'sun/nio/fs/WindowsException'{0x00000000d03cdd00}> (0x00000000d03cdd00) 
thrown [s\src\hotspot\share\prims\jni.cpp, line 535]
Event: 77.161 Thread 0x000002460941a2d0 Exception <a 'sun/nio/fs/WindowsException'{0x00000000d03d9230}> (0x00000000d03d9230) 
thrown [s\src\hotspot\share\prims\jni.cpp, line 535]
Event: 77.169 Thread 0x000002460941a2d0 Exception <a 'sun/nio/fs/WindowsException'{0x00000000d03e0c80}> (0x00000000d03e0c80) 
thrown [s\src\hotspot\share\prims\jni.cpp, line 535]
Event: 77.179 Thread 0x000002460941a2d0 Exception <a 'sun/nio/fs/WindowsException'{0x00000000d03e8708}> (0x00000000d03e8708) 
thrown [s\src\hotspot\share\prims\jni.cpp, line 535]
Event: 77.186 Thread 0x000002460941a2d0 Exception <a 'sun/nio/fs/WindowsException'{0x00000000d03ef538}> (0x00000000d03ef538) 
thrown [s\src\hotspot\share\prims\jni.cpp, line 535]
Event: 77.194 Thread 0x000002460941a2d0 Exception <a 'sun/nio/fs/WindowsException'{0x00000000d01c82d8}> (0x00000000d01c82d8) 
thrown [s\src\hotspot\share\prims\jni.cpp, line 535]
Event: 77.202 Thread 0x000002460941a2d0 Exception <a 'sun/nio/fs/WindowsException'{0x00000000d01d8798}> (0x00000000d01d8798) 
thrown [s\src\hotspot\share\prims\jni.cpp, line 535]
Event: 77.207 Thread 0x000002460941a2d0 Exception <a 'sun/nio/fs/WindowsException'{0x00000000d01e01f0}> (0x00000000d01e01f0) 
thrown [s\src\hotspot\share\prims\jni.cpp, line 535]
Event: 77.214 Thread 0x000002460941a2d0 Exception <a 'sun/nio/fs/WindowsException'{0x00000000d01e7c60}> (0x00000000d01e7c60) 
thrown [s\src\hotspot\share\prims\jni.cpp, line 535]
Event: 77.220 Thread 0x000002460941a2d0 Exception <a 'sun/nio/fs/WindowsException'{0x00000000d01f45e0}> (0x00000000d01f45e0) 
thrown [s\src\hotspot\share\prims\jni.cpp, line 535]
Event: 78.687 Thread 0x000002460941a2d0 Exception <a 'java/lang/NoSuchMethodError'{0x00000000cfaf2e28}: 'java.lang.Object java.lang.invoke.DirectMethodHandle$Holder.invokeInterface(java.lang.Object, java.lang.Object, int)'> (0x00000000cfaf2e28) 
thrown [s\src\hotspot\share\interpreter\linkResolver.cpp, line 784]

ZGC Phase Switch (0 events):
No events

VM Operations (20 events):
Event: 76.430 Executing VM operation: G1CollectForAllocation (G1 Evacuation Pause)
Event: 76.439 Executing VM operation: G1CollectForAllocation (G1 Evacuation Pause) done
Event: 77.345 Executing VM operation: ICBufferFull
Event: 77.345 Executing VM operation: ICBufferFull done
Event: 78.002 Executing VM operation: G1CollectForAllocation (G1 Evacuation Pause)
Event: 78.020 Executing VM operation: G1CollectForAllocation (G1 Evacuation Pause) done
Event: 78.618 Executing VM operation: HandshakeAllThreads (Deoptimize)
Event: 78.619 Executing VM operation: HandshakeAllThreads (Deoptimize) done
Event: 78.678 Executing VM operation: HandshakeAllThreads (Deoptimize)
Event: 78.678 Executing VM operation: HandshakeAllThreads (Deoptimize) done
Event: 78.739 Executing VM operation: ICBufferFull
Event: 78.740 Executing VM operation: ICBufferFull done
Event: 78.880 Executing VM operation: HandshakeAllThreads (Deoptimize)
Event: 78.880 Executing VM operation: HandshakeAllThreads (Deoptimize) done
Event: 79.379 Executing VM operation: G1CollectForAllocation (G1 Evacuation Pause)
Event: 79.393 Executing VM operation: G1CollectForAllocation (G1 Evacuation Pause) done
Event: 79.780 Executing VM operation: G1PauseRemark
Event: 79.805 Executing VM operation: G1PauseRemark done
Event: 79.969 Executing VM operation: G1PauseCleanup
Event: 79.986 Executing VM operation: G1PauseCleanup done

Memory protections (0 events):
No events

Nmethod flushes (20 events):
Event: 79.802 Thread 0x000002467b5147a0 flushing  nmethod 0x000002466927f610
Event: 79.802 Thread 0x000002467b5147a0 flushing  nmethod 0x000002466927fe90
Event: 79.802 Thread 0x000002467b5147a0 flushing  nmethod 0x0000024669280810
Event: 79.802 Thread 0x000002467b5147a0 flushing  nmethod 0x0000024669280d90
Event: 79.802 Thread 0x000002467b5147a0 flushing  nmethod 0x0000024669281610
Event: 79.802 Thread 0x000002467b5147a0 flushing  nmethod 0x0000024669281c10
Event: 79.802 Thread 0x000002467b5147a0 flushing  nmethod 0x0000024669282410
Event: 79.802 Thread 0x000002467b5147a0 flushing  nmethod 0x0000024669282d10
Event: 79.802 Thread 0x000002467b5147a0 flushing  nmethod 0x0000024669283190
Event: 79.802 Thread 0x000002467b5147a0 flushing  nmethod 0x0000024669285090
Event: 79.802 Thread 0x000002467b5147a0 flushing  nmethod 0x000002466934d390
Event: 79.802 Thread 0x000002467b5147a0 flushing  nmethod 0x0000024669471490
Event: 79.802 Thread 0x000002467b5147a0 flushing  nmethod 0x00000246695d2710
Event: 79.802 Thread 0x000002467b5147a0 flushing  nmethod 0x00000246696cfb10
Event: 79.802 Thread 0x000002467b5147a0 flushing  nmethod 0x00000246696d1a90
Event: 79.802 Thread 0x000002467b5147a0 flushing  nmethod 0x0000024669861e90
Event: 79.802 Thread 0x000002467b5147a0 flushing  nmethod 0x0000024669924290
Event: 79.802 Thread 0x000002467b5147a0 flushing  nmethod 0x0000024669980290
Event: 79.802 Thread 0x000002467b5147a0 flushing  nmethod 0x0000024669bfbc90
Event: 79.802 Thread 0x000002467b5147a0 flushing  nmethod 0x0000024669eed510

Events (20 events):
Event: 65.301 Thread 0x00000246040f6990 Thread added: 0x000002460b5b0480
Event: 65.809 Thread 0x000002460b5b0480 Thread exited: 0x000002460b5b0480
Event: 66.156 Thread 0x00000246040f6990 Thread added: 0x000002460b5b0480
Event: 67.290 Thread 0x000002460b5b0480 Thread exited: 0x000002460b5b0480
Event: 67.456 Thread 0x00000246040bed50 Thread added: 0x000002460b5ae940
Event: 68.172 Thread 0x000002460b5ae940 Thread exited: 0x000002460b5ae940
Event: 68.221 Thread 0x000002460b5adba0 Thread exited: 0x000002460b5adba0
Event: 68.404 Thread 0x00000246040f6990 Thread added: 0x000002460b5adba0
Event: 68.454 Thread 0x000002460b5adba0 Thread added: 0x000002460b5ae940
Event: 69.123 Thread 0x000002460b5ae940 Thread exited: 0x000002460b5ae940
Event: 69.149 Thread 0x000002460b5adba0 Thread exited: 0x000002460b5adba0
Event: 69.538 Thread 0x00000246040bed50 Thread added: 0x000002460b5adba0
Event: 70.735 Thread 0x000002460b5adba0 Thread exited: 0x000002460b5adba0
Event: 71.035 Thread 0x00000246040f6990 Thread added: 0x000002460b5b18f0
Event: 71.213 Thread 0x000002460af2ea80 Thread added: 0x0000024609a914b0
Event: 71.613 Thread 0x000002460b5b18f0 Thread exited: 0x000002460b5b18f0
Event: 71.802 Thread 0x00000246040f6990 Thread added: 0x000002460b5adba0
Event: 71.811 Thread 0x00000246040f6990 Thread added: 0x000002460b5ae940
Event: 72.043 Thread 0x000002460b5ae940 Thread exited: 0x000002460b5ae940
Event: 73.648 Thread 0x00000246040f6990 Thread added: 0x000002460b5ae940


Dynamic libraries:
0x00007ff7af350000 - 0x00007ff7af35a000 	C:\Program Files\Android\Android Studio\jbr\bin\java.exe
0x00007fffd17f0000 - 0x00007fffd19e8000 	C:\Windows\SYSTEM32\ntdll.dll
0x00007fffd0b30000 - 0x00007fffd0bf2000 	C:\Windows\System32\KERNEL32.DLL
0x00007fffcf1d0000 - 0x00007fffcf4c6000 	C:\Windows\System32\KERNELBASE.dll
0x00007fffca9e0000 - 0x00007fffcaa74000 	C:\Windows\SYSTEM32\apphelp.dll
0x00007fffcf670000 - 0x00007fffcf770000 	C:\Windows\System32\ucrtbase.dll
0x00007fffc8880000 - 0x00007fffc889b000 	C:\Program Files\Android\Android Studio\jbr\bin\VCRUNTIME140.dll
0x00007fffc5050000 - 0x00007fffc5068000 	C:\Program Files\Android\Android Studio\jbr\bin\jli.dll
0x00007fffd0970000 - 0x00007fffd0b11000 	C:\Windows\System32\USER32.dll
0x00007fffcf580000 - 0x00007fffcf5a2000 	C:\Windows\System32\win32u.dll
0x00007fffb5850000 - 0x00007fffb5aeb000 	C:\Windows\WinSxS\amd64_microsoft.windows.common-controls_6595b64144ccf1df_6.0.19041.6456_none_60b8a6cb71f64256\COMCTL32.dll
0x00007fffd0e00000 - 0x00007fffd0e2b000 	C:\Windows\System32\GDI32.dll
0x00007fffd0080000 - 0x00007fffd011e000 	C:\Windows\System32\msvcrt.dll
0x00007fffcf060000 - 0x00007fffcf179000 	C:\Windows\System32\gdi32full.dll
0x00007fffcf770000 - 0x00007fffcf80d000 	C:\Windows\System32\msvcp_win.dll
0x00007fffd0420000 - 0x00007fffd044f000 	C:\Windows\System32\IMM32.DLL
0x00007fffcb4e0000 - 0x00007fffcb4ec000 	C:\Program Files\Android\Android Studio\jbr\bin\vcruntime140_1.dll
0x00007fffb24a0000 - 0x00007fffb252d000 	C:\Program Files\Android\Android Studio\jbr\bin\msvcp140.dll
0x00007fff7a440000 - 0x00007fff7b0cb000 	C:\Program Files\Android\Android Studio\jbr\bin\server\jvm.dll
0x00007fffcffc0000 - 0x00007fffd0071000 	C:\Windows\System32\ADVAPI32.dll
0x00007fffd0c10000 - 0x00007fffd0caf000 	C:\Windows\System32\sechost.dll
0x00007fffcf870000 - 0x00007fffcf990000 	C:\Windows\System32\RPCRT4.dll
0x00007fffcf5b0000 - 0x00007fffcf5d7000 	C:\Windows\System32\bcrypt.dll
0x00007fffd04d0000 - 0x00007fffd053b000 	C:\Windows\System32\WS2_32.dll
0x00007fffcece0000 - 0x00007fffced2b000 	C:\Windows\SYSTEM32\POWRPROF.dll
0x00007fffc18d0000 - 0x00007fffc18f7000 	C:\Windows\SYSTEM32\WINMM.dll
0x00007fffc8360000 - 0x00007fffc836a000 	C:\Windows\SYSTEM32\VERSION.dll
0x00007fffcecc0000 - 0x00007fffcecd2000 	C:\Windows\SYSTEM32\UMPDC.dll
0x00007fffcccf0000 - 0x00007fffccd02000 	C:\Windows\SYSTEM32\kernel.appcore.dll
0x00007fffcb4d0000 - 0x00007fffcb4da000 	C:\Program Files\Android\Android Studio\jbr\bin\jimage.dll
0x00007fffc4e40000 - 0x00007fffc5041000 	C:\Windows\SYSTEM32\DBGHELP.DLL
0x00007fffaf300000 - 0x00007fffaf334000 	C:\Windows\SYSTEM32\dbgcore.DLL
0x00007fffcf5e0000 - 0x00007fffcf662000 	C:\Windows\System32\bcryptPrimitives.dll
0x00007fffc5070000 - 0x00007fffc507e000 	C:\Program Files\Android\Android Studio\jbr\bin\instrument.dll
0x00007fffc8840000 - 0x00007fffc8860000 	C:\Program Files\Android\Android Studio\jbr\bin\java.dll
0x00007fffc7fe0000 - 0x00007fffc7ff8000 	C:\Program Files\Android\Android Studio\jbr\bin\zip.dll
0x00007fffd0f10000 - 0x00007fffd1680000 	C:\Windows\System32\SHELL32.dll
0x00007fffccef0000 - 0x00007fffcd695000 	C:\Windows\SYSTEM32\windows.storage.dll
0x00007fffd0540000 - 0x00007fffd0894000 	C:\Windows\System32\combase.dll
0x00007fffce7d0000 - 0x00007fffce7fb000 	C:\Windows\SYSTEM32\Wldp.dll
0x00007fffd08a0000 - 0x00007fffd096d000 	C:\Windows\System32\OLEAUT32.dll
0x00007fffcfaa0000 - 0x00007fffcfb4d000 	C:\Windows\System32\SHCORE.dll
0x00007fffcf810000 - 0x00007fffcf86b000 	C:\Windows\System32\shlwapi.dll
0x00007fffcedb0000 - 0x00007fffcedd4000 	C:\Windows\SYSTEM32\profapi.dll
0x00007fffcb330000 - 0x00007fffcb340000 	C:\Program Files\Android\Android Studio\jbr\bin\net.dll
0x00007fffc5090000 - 0x00007fffc519a000 	C:\Windows\SYSTEM32\WINHTTP.dll
0x00007fffce530000 - 0x00007fffce59a000 	C:\Windows\system32\mswsock.dll
0x00007fffc7fa0000 - 0x00007fffc7fb6000 	C:\Program Files\Android\Android Studio\jbr\bin\nio.dll
0x00007fffc5080000 - 0x00007fffc5090000 	C:\Program Files\Android\Android Studio\jbr\bin\verify.dll
0x00007fffb3970000 - 0x00007fffb3997000 	C:\Users\Ariel\.gradle\native\1def1411415f61bf3af743bc5b6707747c0891f09f0c88961ee8f79bc544acac\windows-amd64\native-platform.dll
0x00007fff858e0000 - 0x00007fff85958000 	C:\Users\Ariel\.gradle\native\0.2.7\x86_64-windows-gnu\gradle-fileevents.dll
0x00007fffc8830000 - 0x00007fffc8839000 	C:\Program Files\Android\Android Studio\jbr\bin\management.dll
0x00007fffc87d0000 - 0x00007fffc87db000 	C:\Program Files\Android\Android Studio\jbr\bin\management_ext.dll
0x00007fffd0c00000 - 0x00007fffd0c08000 	C:\Windows\System32\PSAPI.DLL
0x00007fffce210000 - 0x00007fffce24b000 	C:\Windows\SYSTEM32\IPHLPAPI.DLL
0x00007fffd0b20000 - 0x00007fffd0b28000 	C:\Windows\System32\NSI.dll
0x00007fffcadd0000 - 0x00007fffcadd9000 	C:\Program Files\Android\Android Studio\jbr\bin\extnet.dll
0x00007fffce730000 - 0x00007fffce748000 	C:\Windows\SYSTEM32\CRYPTSP.dll
0x00007fffcde50000 - 0x00007fffcde88000 	C:\Windows\system32\rsaenh.dll
0x00007fffced70000 - 0x00007fffced9e000 	C:\Windows\SYSTEM32\USERENV.dll
0x00007fffce720000 - 0x00007fffce72c000 	C:\Windows\SYSTEM32\CRYPTBASE.dll
0x00007fffb4530000 - 0x00007fffb4537000 	C:\Windows\system32\wshunix.dll
0x00007fffa6a40000 - 0x00007fffa6a57000 	C:\Windows\system32\napinsp.dll
0x00007fffa6a20000 - 0x00007fffa6a3b000 	C:\Windows\system32\pnrpnsp.dll
0x00007fffcb8e0000 - 0x00007fffcb8fd000 	C:\Windows\system32\wshbth.dll
0x00007fffc8990000 - 0x00007fffc89ad000 	C:\Windows\system32\NLAapi.dll
0x00007fffce250000 - 0x00007fffce31a000 	C:\Windows\SYSTEM32\DNSAPI.dll
0x00007fffa6a80000 - 0x00007fffa6a92000 	C:\Windows\System32\winrnr.dll
0x00007fffc81f0000 - 0x00007fffc81fa000 	C:\Windows\System32\rasadhlp.dll
0x00007fffbe090000 - 0x00007fffbe110000 	C:\Windows\System32\fwpuclnt.dll
0x00007fffc8810000 - 0x00007fffc8817000 	C:\Program Files\Android\Android Studio\jbr\bin\rmi.dll

dbghelp: loaded successfully - version: 4.0.5 - missing functions: none
symbol engine: initialized successfully - sym options: 0x614 - pdb path: .;C:\Program Files\Android\Android Studio\jbr\bin;C:\Windows\SYSTEM32;C:\Windows\WinSxS\amd64_microsoft.windows.common-controls_6595b64144ccf1df_6.0.19041.6456_none_60b8a6cb71f64256;C:\Program Files\Android\Android Studio\jbr\bin\server;C:\Users\Ariel\.gradle\native\1def1411415f61bf3af743bc5b6707747c0891f09f0c88961ee8f79bc544acac\windows-amd64;C:\Users\Ariel\.gradle\native\0.2.7\x86_64-windows-gnu

VM Arguments:
jvm_args: --add-opens=java.base/java.lang=ALL-UNNAMED --add-opens=java.base/java.lang.invoke=ALL-UNNAMED --add-opens=java.base/java.util=ALL-UNNAMED --add-opens=java.prefs/java.util.prefs=ALL-UNNAMED --add-exports=jdk.compiler/com.sun.tools.javac.api=ALL-UNNAMED --add-exports=jdk.compiler/com.sun.tools.javac.util=ALL-UNNAMED --add-opens=java.base/java.util=ALL-UNNAMED --add-opens=java.prefs/java.util.prefs=ALL-UNNAMED --add-opens=java.base/java.nio.charset=ALL-UNNAMED --add-opens=java.base/java.net=ALL-UNNAMED --add-opens=java.base/java.util.concurrent.atomic=ALL-UNNAMED --add-opens=java.xml/javax.xml.namespace=ALL-UNNAMED -XX:MaxMetaspaceSize=256m -XX:-UseParallelGC -Xmx1024m -Dfile.encoding=UTF-8 -Duser.country=CL -Duser.language=es -Duser.variant -javaagent:C:\Users\Ariel\.gradle\wrapper\dists\gradle-8.13-bin\5xuhj0ry160q40clulazy9h7d\gradle-8.13\lib\agents\gradle-instrumentation-agent-8.13.jar 
java_command: org.gradle.launcher.daemon.bootstrap.GradleDaemon 8.13
java_class_path (initial): C:\Users\Ariel\.gradle\wrapper\dists\gradle-8.13-bin\5xuhj0ry160q40clulazy9h7d\gradle-8.13\lib\gradle-daemon-main-8.13.jar
Launcher Type: SUN_STANDARD

[Global flags]
     intx CICompilerCount                          = 4                                         {product} {ergonomic}
   size_t CompressedClassSpaceSize                 = 218103808                                 {product} {ergonomic}
     uint ConcGCThreads                            = 2                                         {product} {ergonomic}
     uint G1ConcRefinementThreads                  = 8                                         {product} {ergonomic}
   size_t G1HeapRegionSize                         = 1048576                                   {product} {ergonomic}
    uintx GCDrainStackTargetSize                   = 64                                        {product} {ergonomic}
   size_t InitialHeapSize                          = 251658240                                 {product} {ergonomic}
   size_t MarkStackSize                            = 4194304                                   {product} {ergonomic}
   size_t MaxHeapSize                              = 1073741824                                {product} {command line}
   size_t MaxMetaspaceSize                         = 268435456                                 {product} {command line}
   size_t MaxNewSize                               = 643825664                                 {product} {ergonomic}
   size_t MinHeapDeltaBytes                        = 1048576                                   {product} {ergonomic}
   size_t MinHeapSize                              = 8388608                                   {product} {ergonomic}
    uintx NonNMethodCodeHeapSize                   = 5839372                                {pd product} {ergonomic}
    uintx NonProfiledCodeHeapSize                  = 122909434                              {pd product} {ergonomic}
    uintx ProfiledCodeHeapSize                     = 122909434                              {pd product} {ergonomic}
    uintx ReservedCodeCacheSize                    = 251658240                              {pd product} {ergonomic}
     bool SegmentedCodeCache                       = true                                      {product} {ergonomic}
   size_t SoftMaxHeapSize                          = 1073741824                             {manageable} {ergonomic}
     bool UseCompressedOops                        = true                           {product lp64_product} {ergonomic}
     bool UseG1GC                                  = true                                      {product} {ergonomic}
     bool UseLargePagesIndividualAllocation        = false                                  {pd product} {ergonomic}
     bool UseParallelGC                            = false                                     {product} {command line}

Logging:
Log output configuration:
 #0: stdout all=warning uptime,level,tags foldmultilines=false
 #1: stderr all=off uptime,level,tags foldmultilines=false

Environment Variables:
JAVA_HOME=C:\Program Files\Android\Android Studio\jbr
PATH=C:\Program Files\Common Files\Siemens\Automation\Simatic OAM\bin;C:\Windows\system32;C:\Windows;C:\Windows\System32\Wbem;C:\Windows\System32\WindowsPowerShell\v1.0\;C:\Windows\System32\OpenSSH\;C:\Program Files\dotnet\;C:\Program Files (x86)\dotnet\;C:\Program Files\PKWARE\pkzipc;C:\Program Files\Android\Android Studio\jbr\bin;C:\Program Files\nodejs\;C:\Program Files\GitHub CLI\;C:\Program Files\Git\cmd;C:\Users\Ariel\AppData\Local\Microsoft\WindowsApps;C:\Users\Ariel\AppData\Local\Programs\Microsoft VS Code\bin;C:\Users\Ariel\AppData\Roaming\Programs\Zero Install;C:\Users\Ariel\AppData\Local\Programs\cursor\resources\app\bin;C:\Users\Ariel\AppData\Local\Packages\PythonSoftwareFoundation.Python.3.11_qbz5n2kfra8p0\LocalCache\local-packages\Python311\Scripts;C:\Program Files\Git;C:\Users\Ariel\AppData\Roaming\npm;C:\Users\Ariel\AppData\Local\Programs\Windsurf\bin
USERNAME=Ariel
OS=Windows_NT
PROCESSOR_IDENTIFIER=AMD64 Family 23 Model 17 Stepping 0, AuthenticAMD
TMP=C:\Users\Ariel\AppData\Local\Temp
TEMP=C:\Users\Ariel\AppData\Local\Temp




Periodic native trim disabled

JNI global refs:
JNI global refs: 31, weak refs: 34

JNI global refs memory usage: 835, weak refs: 833

Process memory usage:
Resident Set Size: 699344K (4% of 15661664K total physical memory with 1167716K free physical memory)

OOME stack traces (most recent first):
Classloader memory used:
Loader org.gradle.internal.classloader.VisitableURLClassLoader$InstrumentingVisitableURLClassLoader: 54827K
Loader org.gradle.internal.classloader.VisitableURLClassLoader                         : 46870K
Loader bootstrap                                                                       : 31129K
Loader org.gradle.initialization.MixInLegacyTypesClassLoader                           : 13348K
Loader jdk.internal.reflect.DelegatingClassLoader                                      : 665K
Loader jdk.internal.loader.ClassLoaders$PlatformClassLoader                            : 556K
Loader jdk.internal.loader.ClassLoaders$AppClassLoader                                 : 235K
Loader org.gradle.internal.classloader.VisitableURLClassLoader                         : 222K
Loader org.gradle.groovy.scripts.internal.DefaultScriptCompilationHandler$ScriptClassLoader: 135K
Loader org.codehaus.groovy.runtime.callsite.CallSiteClassLoader                        : 27232B

Classes loaded by more than one classloader:
Class Program                                                                         : loaded 5 times (x 68B)
Class Build_gradle                                                                    : loaded 3 times (x 126B)
Class Build_gradle$1                                                                  : loaded 3 times (x 70B)
Class org.gradle.internal.classloader.FilteringClassLoader                            : loaded 2 times (x 101B)
Class com.google.common.base.CharMatcher$IsEither                                     : loaded 2 times (x 107B)
Class org.gradle.internal.classloader.ClassLoaderHierarchy                            : loaded 2 times (x 66B)
Class com.google.common.collect.ImmutableEnumSet                                      : loaded 2 times (x 142B)
Class com.google.common.util.concurrent.ExecutionError                                : loaded 2 times (x 78B)
Class com.google.common.collect.ImmutableList$1                                       : loaded 2 times (x 93B)
Class org.gradle.api.internal.classpath.ManifestUtil                                  : loaded 2 times (x 67B)
Class com.google.common.io.ByteArrayDataOutput                                        : loaded 2 times (x 66B)
Class com.google.common.collect.RegularImmutableMap                                   : loaded 2 times (x 117B)
Class com.google.common.collect.ImmutableMap$MapViewOfValuesAsSingletonSets           : loaded 2 times (x 122B)
Class [Lorg.objectweb.asm.Symbol;                                                     : loaded 2 times (x 65B)
Class org.objectweb.asm.ClassVisitor                                                  : loaded 2 times (x 84B)
Class com.google.common.collect.UnmodifiableListIterator                              : loaded 2 times (x 91B)
Class com.google.common.base.Platform$JdkPatternCompiler                              : loaded 2 times (x 71B)
Class org.objectweb.asm.MethodTooLargeException                                       : loaded 2 times (x 79B)
Class [Lcom.google.common.cache.CacheBuilder$OneWeigher;                              : loaded 2 times (x 65B)
Class com.google.common.base.Suppliers                                                : loaded 2 times (x 67B)
Class org.gradle.internal.classloader.DefaultClassLoaderFactory                       : loaded 2 times (x 78B)
Class com.google.common.io.ByteSource$ConcatenatedByteSource                          : loaded 2 times (x 81B)
Class org.gradle.internal.classloader.ClassLoaderVisitor                              : loaded 2 times (x 72B)
Class [Lcom.google.common.collect.ImmutableMapEntry;                                  : loaded 2 times (x 65B)
Class org.gradle.api.internal.classpath.EffectiveClassPath                            : loaded 2 times (x 86B)
Class com.google.common.collect.CollectSpliterators$1WithCharacteristics              : loaded 2 times (x 86B)
Class com.google.common.collect.ImmutableRangeSet                                     : loaded 2 times (x 111B)
Class com.google.common.collect.ListMultimap                                          : loaded 2 times (x 66B)
Class com.google.common.collect.ImmutableEnumMap                                      : loaded 2 times (x 122B)
Class com.google.common.collect.ImmutableSet$SerializedForm                           : loaded 2 times (x 69B)
Class com.google.common.collect.Sets$1                                                : loaded 2 times (x 135B)
Class org.objectweb.asm.AnnotationVisitor                                             : loaded 2 times (x 74B)
Class org.gradle.api.internal.DefaultClassPathProvider                                : loaded 2 times (x 72B)
Class com.google.common.collect.Sets$2                                                : loaded 2 times (x 135B)
Class [Lorg.gradle.api.internal.ClassPathProvider;                                    : loaded 2 times (x 65B)
Class org.gradle.api.internal.ClassPathProvider                                       : loaded 2 times (x 66B)
Class [Lorg.objectweb.asm.AnnotationVisitor;                                          : loaded 2 times (x 65B)
Class com.google.common.collect.Sets$3                                                : loaded 2 times (x 135B)
Class com.google.common.util.concurrent.AbstractFuture$SafeAtomicHelper               : loaded 2 times (x 75B)
Class com.google.common.cache.LocalCache$LocalLoadingCache                            : loaded 2 times (x 130B)
Class org.gradle.internal.service.UnknownServiceException                             : loaded 2 times (x 79B)
Class com.google.common.io.ByteArrayDataInput                                         : loaded 2 times (x 66B)
Class com.google.common.collect.Sets$4                                                : loaded 2 times (x 135B)
Class org.objectweb.asm.ModuleVisitor                                                 : loaded 2 times (x 77B)
Class com.google.common.cache.LocalCache$Strength$1                                   : loaded 2 times (x 77B)
Class com.google.common.util.concurrent.SettableFuture                                : loaded 2 times (x 110B)
Class com.google.common.cache.LocalCache$Strength$2                                   : loaded 2 times (x 77B)
Class com.google.common.io.ByteStreams                                                : loaded 2 times (x 67B)
Class com.google.common.cache.LocalCache$Strength$3                                   : loaded 2 times (x 77B)
Class com.google.common.collect.MapDifference                                         : loaded 2 times (x 66B)
Class org.objectweb.asm.FieldWriter                                                   : loaded 2 times (x 74B)
Class com.google.common.cache.CacheBuilder$NullListener                               : loaded 2 times (x 78B)
Class org.gradle.internal.classpath.TransformedClassPath                              : loaded 2 times (x 92B)
Class org.gradle.internal.classloader.InstrumentingClassLoader                        : loaded 2 times (x 66B)
Class com.google.common.collect.ImmutableRangeSet$AsSet                               : loaded 2 times (x 296B)
Class com.google.common.cache.CacheLoader$FunctionToCacheLoader                       : loaded 2 times (x 71B)
Class com.google.common.collect.Iterators$ArrayItr                                    : loaded 2 times (x 93B)
Class com.google.common.collect.ImmutableCollection$Builder                           : loaded 2 times (x 72B)
Class com.google.common.collect.BaseImmutableMultimap                                 : loaded 2 times (x 119B)
Class com.google.common.base.Joiner                                                   : loaded 2 times (x 75B)
Class com.google.common.base.MoreObjects                                              : loaded 2 times (x 67B)
Class com.google.common.collect.Platform                                              : loaded 2 times (x 67B)
Class [Lorg.objectweb.asm.Type;                                                       : loaded 2 times (x 65B)
Class com.google.common.collect.UnmodifiableIterator                                  : loaded 2 times (x 76B)
Class org.gradle.internal.service.ServiceLocator                                      : loaded 2 times (x 66B)
Class com.google.common.base.Ascii                                                    : loaded 2 times (x 67B)
Class com.google.common.cache.LocalCache$1                                            : loaded 2 times (x 85B)
Class com.google.common.collect.SingletonImmutableBiMap                               : loaded 2 times (x 139B)
Class com.google.common.collect.AbstractMapEntry                                      : loaded 2 times (x 77B)
Class com.google.common.io.ByteSource$ByteArrayByteSource                             : loaded 2 times (x 81B)
Class com.google.common.collect.Sets$ImprovedAbstractSet                              : loaded 2 times (x 131B)
Class com.google.common.collect.ImmutableList$Builder                                 : loaded 2 times (x 73B)
Class com.google.common.collect.AbstractMultimap                                      : loaded 2 times (x 119B)
Class com.google.common.cache.LocalCache$2                                            : loaded 2 times (x 138B)
Class com.google.common.collect.ImmutableRangeSet$1                                   : loaded 2 times (x 206B)
Class com.google.common.util.concurrent.AbstractFuture$UnsafeAtomicHelper$1           : loaded 2 times (x 72B)
Class com.google.common.collect.RegularImmutableAsList                                : loaded 2 times (x 213B)
Class com.google.common.base.Optional                                                 : loaded 2 times (x 76B)
Class com.google.common.collect.Range                                                 : loaded 2 times (x 83B)
Class com.google.common.util.concurrent.AbstractFuture$Trusted                        : loaded 2 times (x 66B)
Class com.google.common.collect.Iterators                                             : loaded 2 times (x 67B)
Class com.google.common.collect.Lists$StringAsImmutableList                           : loaded 2 times (x 203B)
Class com.google.common.util.concurrent.UncheckedExecutionException                   : loaded 2 times (x 78B)
Class org.gradle.kotlin.dsl.VersionCatalogAccessorsKt                                 : loaded 2 times (x 67B)
Class org.gradle.internal.InternalTransformer                                         : loaded 2 times (x 66B)
Class com.google.common.collect.AbstractMapBasedMultimap$KeySet$1                     : loaded 2 times (x 78B)
Class org.objectweb.asm.ClassWriter                                                   : loaded 2 times (x 102B)
Class com.google.common.base.CharMatcher$And                                          : loaded 2 times (x 108B)
Class com.google.common.cache.CacheLoader$UnsupportedLoadingOperationException        : loaded 2 times (x 78B)
Class org.gradle.internal.classloader.ClasspathUtil$1                                 : loaded 2 times (x 72B)
Class com.google.common.base.Objects                                                  : loaded 2 times (x 67B)
Class org.objectweb.asm.FieldVisitor                                                  : loaded 2 times (x 73B)
Class com.google.common.collect.IndexedImmutableSet                                   : loaded 2 times (x 148B)
Class com.google.common.collect.BiMap                                                 : loaded 2 times (x 66B)
Class com.google.common.collect.ImmutableMap$1                                        : loaded 2 times (x 77B)
Class ijKotlinCoroutineJvmDebugInit1_6q2oqdjgbcb2wrvylnfzdc1rj$_run_closure1$_closure2: loaded 2 times (x 135B)
Class org.gradle.api.internal.classpath.DefaultModuleRegistry$DefaultModule           : loaded 2 times (x 82B)
Class com.google.common.base.Absent                                                   : loaded 2 times (x 76B)
Class com.google.common.primitives.Ints                                               : loaded 2 times (x 67B)
Class com.google.common.collect.AbstractIterator                                      : loaded 2 times (x 78B)
Class com.google.common.collect.ObjectArrays                                          : loaded 2 times (x 67B)
Class com.google.common.collect.Multiset                                              : loaded 2 times (x 66B)
Class com.google.common.collect.RegularImmutableMap$KeySet                            : loaded 2 times (x 148B)
Class com.google.common.collect.AbstractIndexedListIterator                           : loaded 2 times (x 92B)
Class com.google.common.math.MathPreconditions                                        : loaded 2 times (x 67B)
Class com.google.common.collect.ImmutableMapEntrySet                                  : loaded 2 times (x 148B)
Class org.gradle.api.internal.classpath.Module                                        : loaded 2 times (x 66B)
Class com.google.common.cache.Weigher                                                 : loaded 2 times (x 66B)
Class org.gradle.api.internal.classpath.UnknownModuleException                        : loaded 2 times (x 78B)
Class com.google.common.base.Stopwatch                                                : loaded 2 times (x 68B)
Class com.google.common.cache.LocalCache$Strength                                     : loaded 2 times (x 77B)
Class com.google.common.cache.Cache                                                   : loaded 2 times (x 66B)
Class com.google.common.base.NullnessCasts                                            : loaded 2 times (x 67B)
Class com.google.common.io.Files$2                                                    : loaded 2 times (x 72B)
Class com.google.common.util.concurrent.AbstractFuture$Cancellation                   : loaded 2 times (x 68B)
Class com.google.common.collect.ImmutableMap$Builder                                  : loaded 2 times (x 78B)
Class com.google.common.base.Present                                                  : loaded 2 times (x 77B)
Class com.google.common.cache.RemovalListener                                         : loaded 2 times (x 66B)
Class org.gradle.api.internal.DefaultClassPathRegistry                                : loaded 2 times (x 72B)
Class com.google.common.primitives.IntsMethodsForWeb                                  : loaded 2 times (x 67B)
Class com.google.common.collect.Multimap                                              : loaded 2 times (x 66B)
Class org.gradle.api.internal.ClassPathRegistry                                       : loaded 2 times (x 66B)
Class org.gradle.internal.classpath.DefaultClassPath$ImmutableUniqueList              : loaded 2 times (x 195B)
Class com.google.common.base.ExtraObjectsMethodsForWeb                                : loaded 2 times (x 67B)
Class com.google.common.base.PairwiseEquivalence                                      : loaded 2 times (x 79B)
Class com.google.common.io.ByteSink                                                   : loaded 2 times (x 72B)
Class com.google.common.cache.CacheBuilder                                            : loaded 2 times (x 68B)
Class com.google.common.collect.SingletonImmutableList                                : loaded 2 times (x 203B)
Class Settings_gradle$1                                                               : loaded 2 times (x 70B)
Class org.gradle.internal.classpath.ClassPath                                         : loaded 2 times (x 66B)
Class org.gradle.api.UncheckedIOException                                             : loaded 2 times (x 78B)
Class com.google.common.io.Files$FileByteSource                                       : loaded 2 times (x 81B)
Class com.google.common.base.JdkPattern                                               : loaded 2 times (x 71B)
Class com.google.common.collect.ImmutableList$ReverseImmutableList                    : loaded 2 times (x 205B)
Class org.objectweb.asm.SymbolTable$Entry                                             : loaded 2 times (x 70B)
Class com.google.common.util.concurrent.AbstractFuture$AtomicHelper                   : loaded 2 times (x 74B)
Class org.objectweb.asm.Edge                                                          : loaded 2 times (x 68B)
Class com.google.common.base.Suppliers$SupplierOfInstance                             : loaded 2 times (x 75B)
Class com.google.common.collect.Iterators$1                                           : loaded 2 times (x 77B)
Class com.google.common.cache.LocalCache$ComputingValueReference                      : loaded 2 times (x 92B)
Class com.google.common.collect.SingletonImmutableSet                                 : loaded 2 times (x 142B)
Class com.google.common.collect.ImmutableMap$IteratorBasedImmutableMap                : loaded 2 times (x 122B)
Class com.google.common.cache.LocalCache$Segment                                      : loaded 2 times (x 150B)
Class ijJvmDebugger1_bc72zq7ol37vjy3kmc1tls8ep$_run_closure1                          : loaded 2 times (x 135B)
Class com.google.common.collect.SortedIterable                                        : loaded 2 times (x 66B)
Class com.google.common.collect.AbstractListMultimap                                  : loaded 2 times (x 168B)
Class [Lorg.objectweb.asm.SymbolTable$Entry;                                          : loaded 2 times (x 65B)
Class com.google.common.cache.CacheLoader                                             : loaded 2 times (x 70B)
Class com.google.common.collect.Iterators$4                                           : loaded 2 times (x 78B)
Class com.google.common.collect.ImmutableBiMap                                        : loaded 2 times (x 139B)
Class org.gradle.internal.installation.GradleInstallation$1                           : loaded 2 times (x 71B)
Class org.gradle.api.internal.classpath.ModuleRegistry                                : loaded 2 times (x 66B)
Class com.google.common.util.concurrent.internal.InternalFutureFailureAccess          : loaded 2 times (x 68B)
Class com.google.common.collect.Iterators$5                                           : loaded 2 times (x 78B)
Class com.google.common.collect.ImmutableSet$JdkBackedSetBuilderImpl                  : loaded 2 times (x 72B)
Class com.google.common.util.concurrent.AbstractFuture$UnsafeAtomicHelper             : loaded 2 times (x 74B)
Class com.google.common.base.CharMatcher$ForPredicate                                 : loaded 2 times (x 108B)
Class com.google.common.cache.LocalCache$LocalManualCache$1                           : loaded 2 times (x 71B)
Class com.google.common.base.CharMatcher$AnyOf                                        : loaded 2 times (x 108B)
Class com.google.common.collect.ImmutableCollection                                   : loaded 2 times (x 121B)
Class org.gradle.api.internal.classpath.DefaultModuleRegistry                         : loaded 2 times (x 82B)
Class com.google.common.collect.Lists                                                 : loaded 2 times (x 67B)
Class com.google.common.util.concurrent.ListenableFuture                              : loaded 2 times (x 66B)
Class com.google.common.cache.ReferenceEntry                                          : loaded 2 times (x 66B)
Class com.google.common.base.Converter                                                : loaded 2 times (x 86B)
Class com.google.common.collect.ImmutableSet$CachingAsList                            : loaded 2 times (x 144B)
Class com.google.common.collect.AbstractMapBasedMultimap                              : loaded 2 times (x 135B)
Class com.google.common.util.concurrent.AbstractFuture                                : loaded 2 times (x 102B)
Class com.google.common.base.FunctionalEquivalence                                    : loaded 2 times (x 79B)
Class com.google.common.collect.Iterators$9                                           : loaded 2 times (x 77B)
Class com.google.common.collect.ImmutableAsList                                       : loaded 2 times (x 205B)
Class org.objectweb.asm.RecordComponentVisitor                                        : loaded 2 times (x 73B)
Class com.google.common.cache.CacheLoader$SupplierToCacheLoader                       : loaded 2 times (x 71B)
Class com.google.common.collect.Maps$EntryTransformer                                 : loaded 2 times (x 66B)
Class org.gradle.internal.service.ServiceLookupException                              : loaded 2 times (x 78B)
Class com.google.common.collect.ImmutableSortedSet                                    : loaded 2 times (x 296B)
Class [Lcom.google.common.cache.LocalCache$EntryFactory;                              : loaded 2 times (x 65B)
Class org.gradle.internal.classloader.ClassLoaderFactory                              : loaded 2 times (x 66B)
Class com.google.common.collect.ImmutableMap$SerializedForm                           : loaded 2 times (x 69B)
Class com.google.common.base.CommonPattern                                            : loaded 2 times (x 70B)
Class com.google.common.base.CharMatcher$IsNot                                        : loaded 2 times (x 107B)
Class com.google.common.cache.LocalCache$LocalManualCache                             : loaded 2 times (x 95B)
Class ijJvmDebugger1_bc72zq7ol37vjy3kmc1tls8ep$_run_closure1$_closure2                : loaded 2 times (x 136B)
Class org.gradle.internal.service.CachingServiceLocator                               : loaded 2 times (x 78B)
Class com.google.common.collect.AbstractMapBasedMultimap$KeySet                       : loaded 2 times (x 133B)
Class com.google.common.collect.RegularImmutableSortedSet                             : loaded 2 times (x 296B)
Class com.google.common.math.IntMath                                                  : loaded 2 times (x 67B)
Class com.google.common.collect.ImmutableMapEntry                                     : loaded 2 times (x 81B)
Class com.google.common.collect.ImmutableMultimap                                     : loaded 2 times (x 143B)
Class com.google.common.base.Equivalence                                              : loaded 2 times (x 78B)
Class com.google.common.base.Function                                                 : loaded 2 times (x 66B)
Class com.google.common.collect.ImmutableMapEntry$NonTerminalImmutableMapEntry        : loaded 2 times (x 81B)
Class com.google.common.collect.IndexedImmutableSet$1                                 : loaded 2 times (x 209B)
Class com.google.common.cache.CacheBuilder$OneWeigher                                 : loaded 2 times (x 78B)
Class com.google.common.collect.RegularImmutableList                                  : loaded 2 times (x 209B)
Class org.gradle.internal.classloader.ClasspathUtil                                   : loaded 2 times (x 67B)
Class com.google.common.base.Charsets                                                 : loaded 2 times (x 67B)
Class com.google.common.util.concurrent.Uninterruptibles                              : loaded 2 times (x 67B)
Class com.google.common.io.CharSource                                                 : loaded 2 times (x 81B)
Class com.google.common.collect.Maps                                                  : loaded 2 times (x 67B)
Class org.gradle.api.specs.Spec                                                       : loaded 2 times (x 66B)
Class [Lcom.google.common.collect.ImmutableEntry;                                     : loaded 2 times (x 65B)
Class com.google.common.cache.LocalCache$LoadingValueReference                        : loaded 2 times (x 92B)
Class com.google.common.collect.ArrayListMultimapGwtSerializationDependencies         : loaded 2 times (x 168B)
Class com.google.common.collect.CollectSpliterators                                   : loaded 2 times (x 67B)
Class com.google.common.base.Platform                                                 : loaded 2 times (x 67B)
Class [Lorg.objectweb.asm.AnnotationWriter;                                           : loaded 2 times (x 65B)
Class com.google.common.collect.Maps$8                                                : loaded 2 times (x 78B)
Class com.google.common.collect.ImmutableRangeSet$Builder                             : loaded 2 times (x 73B)
Class com.google.common.collect.Sets$SetView                                          : loaded 2 times (x 134B)
Class com.google.common.cache.LocalCache$StrongValueReference                         : loaded 2 times (x 86B)
Class com.google.common.util.concurrent.AbstractFuture$SynchronizedHelper             : loaded 2 times (x 74B)
Class com.google.common.graph.SuccessorsFunction                                      : loaded 2 times (x 66B)
Class org.objectweb.asm.Type                                                          : loaded 2 times (x 68B)
Class org.gradle.internal.classloader.VisitableURLClassLoader$InstrumentingVisitableURLClassLoader: loaded 2 times (x 119B)
Class com.google.common.io.Files$FileByteSink                                         : loaded 2 times (x 73B)
Class org.objectweb.asm.ByteVector                                                    : loaded 2 times (x 75B)
Class [Lcom.google.common.cache.CacheBuilder$NullListener;                            : loaded 2 times (x 65B)
Class com.google.common.math.IntMath$1                                                : loaded 2 times (x 67B)
Class org.gradle.internal.classloader.VisitableURLClassLoader$Spec                    : loaded 2 times (x 70B)
Class org.gradle.internal.classpath.DefaultClassPath                                  : loaded 2 times (x 86B)
Class org.objectweb.asm.Symbol                                                        : loaded 2 times (x 69B)
Class com.google.common.io.Closer                                                     : loaded 2 times (x 74B)
Class com.google.common.base.CharMatcher$Ascii                                        : loaded 2 times (x 108B)
Class com.google.common.base.CharMatcher$BitSetMatcher                                : loaded 2 times (x 108B)
Class com.google.common.collect.RegularImmutableMap$Values                            : loaded 2 times (x 203B)
Class com.google.common.collect.ImmutableSet                                          : loaded 2 times (x 141B)
Class ijKotlinCoroutineJvmDebugInit1_6q2oqdjgbcb2wrvylnfzdc1rj                        : loaded 2 times (x 175B)
Class org.gradle.internal.classloader.ClassLoaderSpec                                 : loaded 2 times (x 67B)
Class com.google.common.io.ByteSource$EmptyByteSource                                 : loaded 2 times (x 81B)
Class org.objectweb.asm.AnnotationWriter                                              : loaded 2 times (x 75B)
Class com.google.common.cache.CacheStats                                              : loaded 2 times (x 67B)
Class com.google.common.io.LineProcessor                                              : loaded 2 times (x 66B)
Class com.google.common.io.Closer$Suppressor                                          : loaded 2 times (x 66B)
Class org.objectweb.asm.RecordComponentWriter                                         : loaded 2 times (x 74B)
Class com.google.common.util.concurrent.AbstractFuture$Listener                       : loaded 2 times (x 68B)
Class com.google.common.base.CharMatcher$Or                                           : loaded 2 times (x 108B)
Class Settings_gradle$1$1                                                             : loaded 2 times (x 70B)
Class org.objectweb.asm.Attribute                                                     : loaded 2 times (x 73B)
Class com.google.common.base.Supplier                                                 : loaded 2 times (x 66B)
Class org.gradle.internal.classloader.VisitableURLClassLoader                         : loaded 2 times (x 113B)
Class com.google.common.collect.ImmutableList$SerializedForm                          : loaded 2 times (x 69B)
Class com.google.common.util.concurrent.AbstractFuture$Waiter                         : loaded 2 times (x 68B)
Class Settings_gradle                                                                 : loaded 2 times (x 124B)
Class org.gradle.internal.Cast                                                        : loaded 2 times (x 67B)
Class org.gradle.api.Action                                                           : loaded 2 times (x 66B)
Class com.google.common.base.Strings                                                  : loaded 2 times (x 67B)
Class com.google.common.collect.Sets                                                  : loaded 2 times (x 67B)
Class org.objectweb.asm.Handler                                                       : loaded 2 times (x 68B)
Class com.google.common.base.CharMatcher$FastMatcher                                  : loaded 2 times (x 107B)
Class com.google.common.base.Ticker                                                   : loaded 2 times (x 68B)
Class ijJvmDebugger1_bc72zq7ol37vjy3kmc1tls8ep                                        : loaded 2 times (x 175B)
Class [Lcom.google.common.cache.LocalCache$Segment;                                   : loaded 2 times (x 65B)
Class com.google.common.base.Predicate                                                : loaded 2 times (x 66B)
Class [Lcom.google.common.cache.LocalCache$Strength;                                  : loaded 2 times (x 65B)
Class com.google.common.cache.CacheBuilder$1                                          : loaded 2 times (x 81B)
Class com.google.common.collect.ImmutableMap                                          : loaded 2 times (x 116B)
Class org.gradle.internal.classpath.DefaultClassPath$ImmutableUniqueList$Builder      : loaded 2 times (x 71B)
Class com.google.common.collect.AbstractRangeSet                                      : loaded 2 times (x 110B)
Class com.google.common.base.CharMatcher$NegatedFastMatcher                           : loaded 2 times (x 109B)
Class com.google.common.cache.LocalCache                                              : loaded 2 times (x 183B)
Class com.google.common.cache.CacheBuilder$2                                          : loaded 2 times (x 75B)
Class com.google.common.collect.ArrayListMultimap                                     : loaded 2 times (x 168B)
Class com.google.common.cache.CacheBuilder$3                                          : loaded 2 times (x 68B)
Class [Lcom.google.common.collect.AbstractMapEntry;                                   : loaded 2 times (x 65B)
Class com.google.common.collect.ImmutableEntry                                        : loaded 2 times (x 78B)
Class org.gradle.api.GradleException                                                  : loaded 2 times (x 78B)
Class com.google.common.base.Suppliers$MemoizingSupplier                              : loaded 2 times (x 75B)
Class com.google.common.collect.CollectPreconditions                                  : loaded 2 times (x 67B)
Class ijKotlinCoroutineJvmDebugInit1_6q2oqdjgbcb2wrvylnfzdc1rj$_run_closure1          : loaded 2 times (x 135B)
Class com.google.common.collect.SortedMapDifference                                   : loaded 2 times (x 66B)
Class com.google.common.io.Files                                                      : loaded 2 times (x 67B)
Class com.google.common.cache.LocalCache$EntryFactory                                 : loaded 2 times (x 79B)
Class com.google.common.cache.LocalCache$AbstractReferenceEntry                       : loaded 2 times (x 103B)
Class org.gradle.internal.IoActions                                                   : loaded 2 times (x 67B)
Class com.google.common.collect.ImmutableRangeSet$ComplementRanges                    : loaded 2 times (x 203B)
Class org.objectweb.asm.SymbolTable                                                   : loaded 2 times (x 68B)
Class com.google.common.cache.CacheLoader$InvalidCacheLoadException                   : loaded 2 times (x 78B)
Class com.google.common.collect.ImmutableSet$RegularSetBuilderImpl                    : loaded 2 times (x 73B)
Class org.gradle.internal.classloader.SystemClassLoaderSpec                           : loaded 2 times (x 67B)
Class com.google.common.cache.LocalCache$StrongEntry                                  : loaded 2 times (x 104B)
Class com.google.common.util.concurrent.AbstractFuture$TrustedFuture                  : loaded 2 times (x 110B)
Class com.google.common.cache.LoadingCache                                            : loaded 2 times (x 66B)
Class com.google.common.io.ByteStreams$LimitedInputStream                             : loaded 2 times (x 88B)
Class com.google.common.base.Suppliers$NonSerializableMemoizingSupplier               : loaded 2 times (x 75B)
Class org.objectweb.asm.MethodWriter                                                  : loaded 2 times (x 102B)
Class [Lcom.google.common.cache.Weigher;                                              : loaded 2 times (x 65B)
Class com.google.common.collect.RegularImmutableMap$BucketOverflowException           : loaded 2 times (x 78B)
Class com.google.common.base.CharMatcher$Negated                                      : loaded 2 times (x 109B)
Class com.google.common.base.CharMatcher$Is                                           : loaded 2 times (x 107B)
Class com.google.common.cache.LocalCache$ValueReference                               : loaded 2 times (x 66B)
Class com.google.common.collect.RegularImmutableBiMap                                 : loaded 2 times (x 145B)
Class com.google.common.hash.PrimitiveSink                                            : loaded 2 times (x 66B)
Class com.google.common.base.PatternCompiler                                          : loaded 2 times (x 66B)
Class com.google.common.util.concurrent.AbstractFuture$Failure                        : loaded 2 times (x 68B)
Class com.google.common.base.Equivalence$Equals                                       : loaded 2 times (x 78B)
Class com.google.common.collect.Hashing                                               : loaded 2 times (x 67B)
Class com.google.common.base.Preconditions                                            : loaded 2 times (x 67B)
Class com.google.common.collect.ImmutableSetMultimap                                  : loaded 2 times (x 176B)
Class com.google.common.base.Joiner$1                                                 : loaded 2 times (x 76B)
Class org.objectweb.asm.Label                                                         : loaded 2 times (x 69B)
Class org.objectweb.asm.CurrentFrame                                                  : loaded 2 times (x 69B)
Class org.objectweb.asm.ClassTooLargeException                                        : loaded 2 times (x 79B)
Class com.google.common.base.CharMatcher                                              : loaded 2 times (x 107B)
Class com.google.common.collect.PeekingIterator                                       : loaded 2 times (x 66B)
Class com.google.common.io.ByteSource$AsCharSource                                    : loaded 2 times (x 82B)
Class com.google.common.collect.Maps$IteratorBasedAbstractMap                         : loaded 2 times (x 121B)
Class com.google.common.collect.RangeGwtSerializationDependencies                     : loaded 2 times (x 67B)
Class com.google.common.base.Joiner$2                                                 : loaded 2 times (x 75B)
Class org.objectweb.asm.Frame                                                         : loaded 2 times (x 69B)
Class org.objectweb.asm.MethodVisitor                                                 : loaded 2 times (x 101B)
Class com.google.common.base.CharMatcher$NamedFastMatcher                             : loaded 2 times (x 108B)
Class com.google.common.base.CharMatcher$1                                            : loaded 2 times (x 109B)
Class com.google.common.cache.LocalCache$EntryFactory$1                               : loaded 2 times (x 79B)
Class [Lcom.google.common.cache.RemovalListener;                                      : loaded 2 times (x 65B)
Class com.google.common.collect.RangeSet                                              : loaded 2 times (x 66B)
Class com.google.common.cache.LocalCache$EntryFactory$2                               : loaded 2 times (x 79B)
Class org.gradle.api.internal.classpath.GlobalCacheRootsProvider                      : loaded 2 times (x 66B)
Class com.google.common.collect.CollectCollectors                                     : loaded 2 times (x 67B)
Class org.objectweb.asm.ModuleWriter                                                  : loaded 2 times (x 78B)
Class com.google.common.cache.LocalCache$EntryFactory$3                               : loaded 2 times (x 79B)
Class com.google.common.base.Ticker$1                                                 : loaded 2 times (x 68B)
Class com.google.common.collect.Maps$BiMapConverter                                   : loaded 2 times (x 86B)
Class com.google.common.collect.ImmutableMapEntrySet$RegularEntrySet                  : loaded 2 times (x 148B)
Class com.google.common.collect.SetMultimap                                           : loaded 2 times (x 66B)
Class com.google.common.base.CharMatcher$InRange                                      : loaded 2 times (x 107B)
Class com.google.common.cache.LocalCache$EntryFactory$4                               : loaded 2 times (x 79B)
Class com.google.common.collect.ImmutableSet$Builder                                  : loaded 2 times (x 81B)
Class com.google.common.io.ByteStreams$1                                              : loaded 2 times (x 81B)
Class com.google.common.cache.LocalCache$EntryFactory$5                               : loaded 2 times (x 79B)
Class com.google.common.base.Equivalence$Identity                                     : loaded 2 times (x 78B)
Class com.google.common.cache.LocalCache$EntryFactory$6                               : loaded 2 times (x 79B)
Class org.gradle.internal.installation.CurrentGradleInstallationLocator               : loaded 2 times (x 67B)
Class com.google.common.io.ByteSource$SlicedByteSource                                : loaded 2 times (x 81B)
Class com.google.common.collect.Maps$KeySet                                           : loaded 2 times (x 133B)
Class com.google.common.cache.LocalCache$EntryFactory$7                               : loaded 2 times (x 79B)
Class com.google.common.collect.ImmutableSet$EmptySetBuilderImpl                      : loaded 2 times (x 72B)
Class com.google.common.collect.ImmutableList                                         : loaded 2 times (x 202B)
Class org.gradle.internal.service.DefaultServiceLocator                               : loaded 2 times (x 79B)
Class com.google.common.cache.LocalCache$EntryFactory$8                               : loaded 2 times (x 79B)
Class com.google.common.collect.ImmutableSet$SetBuilderImpl                           : loaded 2 times (x 72B)
Class org.gradle.internal.installation.CurrentGradleInstallation                      : loaded 2 times (x 69B)
Class com.google.common.cache.CacheLoader$1                                           : loaded 2 times (x 71B)
Class com.google.common.collect.ForwardingObject                                      : loaded 2 times (x 68B)
Class com.google.common.collect.ImmutableList$SubList                                 : loaded 2 times (x 205B)
Class org.gradle.util.internal.GUtil                                                  : loaded 2 times (x 67B)
Class com.google.common.io.ByteSource                                                 : loaded 2 times (x 80B)
Class com.google.common.util.concurrent.AbstractFuture$SetFuture                      : loaded 2 times (x 71B)
Class com.google.common.cache.AbstractCache$StatsCounter                              : loaded 2 times (x 66B)
Class com.google.common.collect.Iterators$MergingIterator                             : loaded 2 times (x 77B)
Class com.google.common.collect.RegularImmutableSet                                   : loaded 2 times (x 145B)
Class org.gradle.internal.installation.GradleInstallation                             : loaded 2 times (x 71B)
Class com.google.common.collect.Iterables                                             : loaded 2 times (x 67B)

---------------  S Y S T E M  ---------------

OS:
 Windows 10 , 64 bit Build 19041 (10.0.19041.5915)
OS uptime: 0 days 4:33 hours

CPU: total 8 (initial active 8) (8 cores per cpu, 2 threads per core) family 23 model 17 stepping 0 microcode 0x0, cx8, cmov, fxsr, ht, mmx, 3dnowpref, sse, sse2, sse3, ssse3, sse4a, sse4.1, sse4.2, popcnt, lzcnt, tsc, tscinvbit, avx, avx2, aes, clmul, bmi1, bmi2, adx, sha, fma, vzeroupper, clflush, clflushopt, rdtscp, f16c
Processor Information for the first 8 processors :
  Max Mhz: 2000, Current Mhz: 2000, Mhz Limit: 2000

Memory: 4k page, system-wide physical 15294M (1144M free)
TotalPageFile size 17342M (AvailPageFile size 30M)
current process WorkingSet (physical memory assigned to process): 700M, peak: 723M
current process commit charge ("private bytes"): 739M, peak: 757M

vm_info: OpenJDK 64-Bit Server VM (21.0.6+-13391695-b895.109) for windows-amd64 JRE (21.0.6+-13391695-b895.109), built on 2025-04-22T21:19:17Z by "builder" with MS VC++ 16.10 / 16.11 (VS2019)

END.
